category,rank,brand,product_or_range,sales_value_gbp_m,volume,yoy_change,period,channel,source_name,source_url,notes,table
soft_drinks,1,Coca-Cola,Coca-Cola Original Taste,894,,+1.3%,52w to 24 May 2025,total grocery,Talking Retail / Independent Retail News (NIQ total grocery),https://www.talkingretail.com/advice/category-management/masters-of-pop-in-focus-top-25-soft-drinks-18-09-2025/,SUB-BRAND list (best for picking SKUs/incumbents). Rank within NIQ top 25 soft drinks incl water/juice. Value sales £m.,nielsen_top25_softdrink_skus_may2025
soft_drinks,2,Pepsi,Pepsi Max,796,,+5.1%,52w to 24 May 2025,total grocery,Talking Retail / Independent Retail News (NIQ total grocery),https://www.talkingretail.com/advice/category-management/masters-of-pop-in-focus-top-25-soft-drinks-18-09-2025/,SUB-BRAND list (best for picking SKUs/incumbents). Rank within NIQ top 25 soft drinks incl water/juice. Value sales £m.,nielsen_top25_softdrink_skus_may2025
soft_drinks,3,Red Bull,Red Bull Energy,636,,+11.3%,52w to 24 May 2025,total grocery,Talking Retail / Independent Retail News (NIQ total grocery),https://www.talkingretail.com/advice/category-management/masters-of-pop-in-focus-top-25-soft-drinks-18-09-2025/,SUB-BRAND list (best for picking SKUs/incumbents). Rank within NIQ top 25 soft drinks incl water/juice. Value sales £m.,nielsen_top25_softdrink_skus_may2025
soft_drinks,4,Coca-Cola,Diet Coke,496,,-3.8%,52w to 24 May 2025,total grocery,Talking Retail / Independent Retail News (NIQ total grocery),https://www.talkingretail.com/advice/category-management/masters-of-pop-in-focus-top-25-soft-drinks-18-09-2025/,SUB-BRAND list (best for picking SKUs/incumbents). Rank within NIQ top 25 soft drinks incl water/juice. Value sales £m.,nielsen_top25_softdrink_skus_may2025
soft_drinks,5,Coca-Cola,Coca-Cola Zero Sugar,462,,+4.6%,52w to 24 May 2025,total grocery,Talking Retail / Independent Retail News (NIQ total grocery),https://www.talkingretail.com/advice/category-management/masters-of-pop-in-focus-top-25-soft-drinks-18-09-2025/,SUB-BRAND list (best for picking SKUs/incumbents). Rank within NIQ top 25 soft drinks incl water/juice. Value sales £m.,nielsen_top25_softdrink_skus_may2025
soft_drinks,6,Lucozade,Lucozade Energy,351,,-0.8%,52w to 24 May 2025,total grocery,Talking Retail / Independent Retail News (NIQ total grocery),https://www.talkingretail.com/advice/category-management/masters-of-pop-in-focus-top-25-soft-drinks-18-09-2025/,SUB-BRAND list (best for picking SKUs/incumbents). Rank within NIQ top 25 soft drinks incl water/juice. Value sales £m.,nielsen_top25_softdrink_skus_may2025
soft_drinks,7,Fanta,Fanta (regular),235,,-3.2%,52w to 24 May 2025,total grocery,Talking Retail / Independent Retail News (NIQ total grocery),https://www.talkingretail.com/advice/category-management/masters-of-pop-in-focus-top-25-soft-drinks-18-09-2025/,SUB-BRAND list (best for picking SKUs/incumbents). Rank within NIQ top 25 soft drinks incl water/juice. Value sales £m.,nielsen_top25_softdrink_skus_may2025
soft_drinks,8,Lucozade,Lucozade Sport,221,,+8.1%,52w to 24 May 2025,total grocery,Talking Retail / Independent Retail News (NIQ total grocery),https://www.talkingretail.com/advice/category-management/masters-of-pop-in-focus-top-25-soft-drinks-18-09-2025/,SUB-BRAND list (best for picking SKUs/incumbents). Rank within NIQ top 25 soft drinks incl water/juice. Value sales £m.,nielsen_top25_softdrink_skus_may2025
soft_drinks,9,Evian,Evian water,219,,+5.3%,52w to 24 May 2025,total grocery,Talking Retail / Independent Retail News (NIQ total grocery),https://www.talkingretail.com/advice/category-management/masters-of-pop-in-focus-top-25-soft-drinks-18-09-2025/,SUB-BRAND list (best for picking SKUs/incumbents). Rank within NIQ top 25 soft drinks incl water/juice. Value sales £m.,nielsen_top25_softdrink_skus_may2025
soft_drinks,10,Monster,Monster Energy Ultra,218,,+19.3%,52w to 24 May 2025,total grocery,Talking Retail / Independent Retail News (NIQ total grocery),https://www.talkingretail.com/advice/category-management/masters-of-pop-in-focus-top-25-soft-drinks-18-09-2025/,SUB-BRAND list (best for picking SKUs/incumbents). Rank within NIQ top 25 soft drinks incl water/juice. Value sales £m.,nielsen_top25_softdrink_skus_may2025
soft_drinks,11,Highland Spring,Highland Spring water,214,,+12.2%,52w to 24 May 2025,total grocery,Talking Retail / Independent Retail News (NIQ total grocery),https://www.talkingretail.com/advice/category-management/masters-of-pop-in-focus-top-25-soft-drinks-18-09-2025/,SUB-BRAND list (best for picking SKUs/incumbents). Rank within NIQ top 25 soft drinks incl water/juice. Value sales £m.,nielsen_top25_softdrink_skus_may2025
soft_drinks,12,Buxton,Buxton water,196,,+17.3%,52w to 24 May 2025,total grocery,Talking Retail / Independent Retail News (NIQ total grocery),https://www.talkingretail.com/advice/category-management/masters-of-pop-in-focus-top-25-soft-drinks-18-09-2025/,SUB-BRAND list (best for picking SKUs/incumbents). Rank within NIQ top 25 soft drinks incl water/juice. Value sales £m.,nielsen_top25_softdrink_skus_may2025
soft_drinks,13,Monster,Monster Juiced,179,,+11.0%,52w to 24 May 2025,total grocery,Talking Retail / Independent Retail News (NIQ total grocery),https://www.talkingretail.com/advice/category-management/masters-of-pop-in-focus-top-25-soft-drinks-18-09-2025/,SUB-BRAND list (best for picking SKUs/incumbents). Rank within NIQ top 25 soft drinks incl water/juice. Value sales £m.,nielsen_top25_softdrink_skus_may2025
soft_drinks,14,Dr Pepper,Dr Pepper,171,,+9.4%,52w to 24 May 2025,total grocery,Talking Retail / Independent Retail News (NIQ total grocery),https://www.talkingretail.com/advice/category-management/masters-of-pop-in-focus-top-25-soft-drinks-18-09-2025/,SUB-BRAND list (best for picking SKUs/incumbents). Rank within NIQ top 25 soft drinks incl water/juice. Value sales £m.,nielsen_top25_softdrink_skus_may2025
soft_drinks,15,Monster,Monster Energy (original green),137,,+1.6%,52w to 24 May 2025,total grocery,Talking Retail / Independent Retail News (NIQ total grocery),https://www.talkingretail.com/advice/category-management/masters-of-pop-in-focus-top-25-soft-drinks-18-09-2025/,SUB-BRAND list (best for picking SKUs/incumbents). Rank within NIQ top 25 soft drinks incl water/juice. Value sales £m.,nielsen_top25_softdrink_skus_may2025
soft_drinks,16,Tropicana,Tropicana juice,130,,-1.8%,52w to 24 May 2025,total grocery,Talking Retail / Independent Retail News (NIQ total grocery),https://www.talkingretail.com/advice/category-management/masters-of-pop-in-focus-top-25-soft-drinks-18-09-2025/,SUB-BRAND list (best for picking SKUs/incumbents). Rank within NIQ top 25 soft drinks incl water/juice. Value sales £m.,nielsen_top25_softdrink_skus_may2025
soft_drinks,17,Monster,Monster Punch,128,,+16.1%,52w to 24 May 2025,total grocery,Talking Retail / Independent Retail News (NIQ total grocery),https://www.talkingretail.com/advice/category-management/masters-of-pop-in-focus-top-25-soft-drinks-18-09-2025/,SUB-BRAND list (best for picking SKUs/incumbents). Rank within NIQ top 25 soft drinks incl water/juice. Value sales £m.,nielsen_top25_softdrink_skus_may2025
soft_drinks,18,Innocent,Innocent juice,124,,+4.5%,52w to 24 May 2025,total grocery,Talking Retail / Independent Retail News (NIQ total grocery),https://www.talkingretail.com/advice/category-management/masters-of-pop-in-focus-top-25-soft-drinks-18-09-2025/,SUB-BRAND list (best for picking SKUs/incumbents). Rank within NIQ top 25 soft drinks incl water/juice. Value sales £m.,nielsen_top25_softdrink_skus_may2025
soft_drinks,19,Red Bull,Red Bull Sugarfree,118,,+7.7%,52w to 24 May 2025,total grocery,Talking Retail / Independent Retail News (NIQ total grocery),https://www.talkingretail.com/advice/category-management/masters-of-pop-in-focus-top-25-soft-drinks-18-09-2025/,SUB-BRAND list (best for picking SKUs/incumbents). Rank within NIQ top 25 soft drinks incl water/juice. Value sales £m.,nielsen_top25_softdrink_skus_may2025
soft_drinks,20,Nestle Pure Life,Pure Life water,112,,+15.8%,52w to 24 May 2025,total grocery,Talking Retail / Independent Retail News (NIQ total grocery),https://www.talkingretail.com/advice/category-management/masters-of-pop-in-focus-top-25-soft-drinks-18-09-2025/,SUB-BRAND list (best for picking SKUs/incumbents). Rank within NIQ top 25 soft drinks incl water/juice. Value sales £m.,nielsen_top25_softdrink_skus_may2025
soft_drinks,21,Oasis,Oasis,105,,+10.2%,52w to 24 May 2025,total grocery,Talking Retail / Independent Retail News (NIQ total grocery),https://www.talkingretail.com/advice/category-management/masters-of-pop-in-focus-top-25-soft-drinks-18-09-2025/,SUB-BRAND list (best for picking SKUs/incumbents). Rank within NIQ top 25 soft drinks incl water/juice. Value sales £m.,nielsen_top25_softdrink_skus_may2025
soft_drinks,22,San Pellegrino,San Pellegrino,101,,+4.8%,52w to 24 May 2025,total grocery,Talking Retail / Independent Retail News (NIQ total grocery),https://www.talkingretail.com/advice/category-management/masters-of-pop-in-focus-top-25-soft-drinks-18-09-2025/,SUB-BRAND list (best for picking SKUs/incumbents). Rank within NIQ top 25 soft drinks incl water/juice. Value sales £m.,nielsen_top25_softdrink_skus_may2025
soft_drinks,23,Irn-Bru,Irn-Bru,91,,+0.3%,52w to 24 May 2025,total grocery,Talking Retail / Independent Retail News (NIQ total grocery),https://www.talkingretail.com/advice/category-management/masters-of-pop-in-focus-top-25-soft-drinks-18-09-2025/,SUB-BRAND list (best for picking SKUs/incumbents). Rank within NIQ top 25 soft drinks incl water/juice. Value sales £m.,nielsen_top25_softdrink_skus_may2025
soft_drinks,24,Fanta,Fanta Zero,90,,+8.5%,52w to 24 May 2025,total grocery,Talking Retail / Independent Retail News (NIQ total grocery),https://www.talkingretail.com/advice/category-management/masters-of-pop-in-focus-top-25-soft-drinks-18-09-2025/,SUB-BRAND list (best for picking SKUs/incumbents). Rank within NIQ top 25 soft drinks incl water/juice. Value sales £m.,nielsen_top25_softdrink_skus_may2025
soft_drinks,25,Ribena,Ribena Original,83,,+0.0%,52w to 24 May 2025,total grocery,Talking Retail / Independent Retail News (NIQ total grocery),https://www.talkingretail.com/advice/category-management/masters-of-pop-in-focus-top-25-soft-drinks-18-09-2025/,SUB-BRAND list (best for picking SKUs/incumbents). Rank within NIQ top 25 soft drinks incl water/juice. Value sales £m.,nielsen_top25_softdrink_skus_may2025
soft_drinks,1,Coca-Cola,"Coca-Cola (all variants, carbonates) - supplier CCEP GB",1892.4,,+2.5% (+45.7£m),52w to 6 Sep 2025,total grocery,The Grocer Top Products Survey 2025 / NIQ,https://www.thegrocer.co.uk/rankings/soft-drinks-carbonates-and-energy-drinks-2025-sales-fizz-for-functional-soda-brands/713072.article,"BRAND level, Top 10 Carbonates table. (read via web.archive.org snapshot + Datawrapper dataset.csv; Grocer site is captcha-blocked)",top_products_carbonates
soft_drinks,2,Pepsi,"Pepsi (all variants, carbonates) - supplier Carlsberg Britvic",974.1,,+5.6% (+51.5£m),52w to 6 Sep 2025,total grocery,The Grocer Top Products Survey 2025 / NIQ,https://www.thegrocer.co.uk/rankings/soft-drinks-carbonates-and-energy-drinks-2025-sales-fizz-for-functional-soda-brands/713072.article,"BRAND level, Top 10 Carbonates table. (read via web.archive.org snapshot + Datawrapper dataset.csv; Grocer site is captcha-blocked)",top_products_carbonates
soft_drinks,3,Fanta,"Fanta (all variants, carbonates) - supplier CCEP GB",332.9,,+2.3% (+7.4£m),52w to 6 Sep 2025,total grocery,The Grocer Top Products Survey 2025 / NIQ,https://www.thegrocer.co.uk/rankings/soft-drinks-carbonates-and-energy-drinks-2025-sales-fizz-for-functional-soda-brands/713072.article,"BRAND level, Top 10 Carbonates table. (read via web.archive.org snapshot + Datawrapper dataset.csv; Grocer site is captcha-blocked)",top_products_carbonates
soft_drinks,4,Dr Pepper,"Dr Pepper (all variants, carbonates) - supplier CCEP GB",233.8,,+20.2% (+39.3£m),52w to 6 Sep 2025,total grocery,The Grocer Top Products Survey 2025 / NIQ,https://www.thegrocer.co.uk/rankings/soft-drinks-carbonates-and-energy-drinks-2025-sales-fizz-for-functional-soda-brands/713072.article,"BRAND level, Top 10 Carbonates table. Dr Pepper fastest volume growth in top 10 (+19.3% vol), driven by Zero Cherry Crush. (read via web.archive.org snapshot + Datawrapper dataset.csv; Grocer site is captcha-blocked)",top_products_carbonates
soft_drinks,5,Irn-Bru,"Irn-Bru (all variants, carbonates) - supplier AG Barr",166.9,,-0.7% (-1.2£m),52w to 6 Sep 2025,total grocery,The Grocer Top Products Survey 2025 / NIQ,https://www.thegrocer.co.uk/rankings/soft-drinks-carbonates-and-energy-drinks-2025-sales-fizz-for-functional-soda-brands/713072.article,"BRAND level, Top 10 Carbonates table. (read via web.archive.org snapshot + Datawrapper dataset.csv; Grocer site is captcha-blocked)",top_products_carbonates
soft_drinks,6,Schweppes,"Schweppes (all variants, carbonates) - supplier CCEP GB",141.1,,-4.1% (-6.1£m),52w to 6 Sep 2025,total grocery,The Grocer Top Products Survey 2025 / NIQ,https://www.thegrocer.co.uk/rankings/soft-drinks-carbonates-and-energy-drinks-2025-sales-fizz-for-functional-soda-brands/713072.article,"BRAND level, Top 10 Carbonates table. (read via web.archive.org snapshot + Datawrapper dataset.csv; Grocer site is captcha-blocked)",top_products_carbonates
soft_drinks,7,Tango,"Tango (all variants, carbonates) - supplier Carlsberg Britvic",114.5,,+5.2% (+5.6£m),52w to 6 Sep 2025,total grocery,The Grocer Top Products Survey 2025 / NIQ,https://www.thegrocer.co.uk/rankings/soft-drinks-carbonates-and-energy-drinks-2025-sales-fizz-for-functional-soda-brands/713072.article,"BRAND level, Top 10 Carbonates table. (read via web.archive.org snapshot + Datawrapper dataset.csv; Grocer site is captcha-blocked)",top_products_carbonates
soft_drinks,8,Fever-Tree,"Fever-Tree (all variants, carbonates) - supplier Fever-Tree",104.3,,-0.7% (-0.7£m),52w to 6 Sep 2025,total grocery,The Grocer Top Products Survey 2025 / NIQ,https://www.thegrocer.co.uk/rankings/soft-drinks-carbonates-and-energy-drinks-2025-sales-fizz-for-functional-soda-brands/713072.article,"BRAND level, Top 10 Carbonates table. (read via web.archive.org snapshot + Datawrapper dataset.csv; Grocer site is captcha-blocked)",top_products_carbonates
soft_drinks,9,7up,"7up (all variants, carbonates) - supplier Carlsberg Britvic",84.8,,+12.8% (+9.6£m),52w to 6 Sep 2025,total grocery,The Grocer Top Products Survey 2025 / NIQ,https://www.thegrocer.co.uk/rankings/soft-drinks-carbonates-and-energy-drinks-2025-sales-fizz-for-functional-soda-brands/713072.article,"BRAND level, Top 10 Carbonates table. (read via web.archive.org snapshot + Datawrapper dataset.csv; Grocer site is captcha-blocked)",top_products_carbonates
soft_drinks,10,Sprite,"Sprite (all variants, carbonates) - supplier CCEP GB",70.8,,+5.6% (+3.7£m),52w to 6 Sep 2025,total grocery,The Grocer Top Products Survey 2025 / NIQ,https://www.thegrocer.co.uk/rankings/soft-drinks-carbonates-and-energy-drinks-2025-sales-fizz-for-functional-soda-brands/713072.article,"BRAND level, Top 10 Carbonates table. (read via web.archive.org snapshot + Datawrapper dataset.csv; Grocer site is captcha-blocked)",top_products_carbonates
soft_drinks,OL,OWN LABEL,Total own label - carbonates,426.9,,-2.5% (-10.9£m),52w to 6 Sep 2025,total grocery,The Grocer Top Products Survey 2025 / NIQ,https://www.thegrocer.co.uk/rankings/soft-drinks-carbonates-and-energy-drinks-2025-sales-fizz-for-functional-soda-brands/713072.article,"Carbonates total £4,954.9m (+3.4%, vol +0.5%); own label = 8.6% value share. (read via web.archive.org snapshot + Datawrapper dataset.csv; Grocer site is captcha-blocked)",top_products_carbonates
soft_drinks,1,Red Bull,Red Bull (sports & energy) - supplier Red Bull,890.3,,+16.2% (+124.4£m),52w to 6 Sep 2025,total grocery,The Grocer Top Products Survey 2025 / NIQ,https://www.thegrocer.co.uk/rankings/soft-drinks-carbonates-and-energy-drinks-2025-sales-fizz-for-functional-soda-brands/713072.article,"BRAND level, Top 5 Sports & energy drinks table. (read via web.archive.org snapshot + Datawrapper dataset.csv; Grocer site is captcha-blocked)",top_products_sports_energy
soft_drinks,2,Monster,Monster (sports & energy) - supplier CCEP GB,801.3,,+16.8% (+115.0£m),52w to 6 Sep 2025,total grocery,The Grocer Top Products Survey 2025 / NIQ,https://www.thegrocer.co.uk/rankings/soft-drinks-carbonates-and-energy-drinks-2025-sales-fizz-for-functional-soda-brands/713072.article,"BRAND level, Top 5 Sports & energy drinks table. (read via web.archive.org snapshot + Datawrapper dataset.csv; Grocer site is captcha-blocked)",top_products_sports_energy
soft_drinks,3,Lucozade,Lucozade (sports & energy) - supplier SBF GB&I,665.4,,+10.8% (+65.1£m),52w to 6 Sep 2025,total grocery,The Grocer Top Products Survey 2025 / NIQ,https://www.thegrocer.co.uk/rankings/soft-drinks-carbonates-and-energy-drinks-2025-sales-fizz-for-functional-soda-brands/713072.article,"BRAND level, Top 5 Sports & energy drinks table. (read via web.archive.org snapshot + Datawrapper dataset.csv; Grocer site is captcha-blocked)",top_products_sports_energy
soft_drinks,4,Boost,Boost (sports & energy) - supplier AG Barr,47.2,,+4.7% (+2.1£m),52w to 6 Sep 2025,total grocery,The Grocer Top Products Survey 2025 / NIQ,https://www.thegrocer.co.uk/rankings/soft-drinks-carbonates-and-energy-drinks-2025-sales-fizz-for-functional-soda-brands/713072.article,"BRAND level, Top 5 Sports & energy drinks table. (read via web.archive.org snapshot + Datawrapper dataset.csv; Grocer site is captcha-blocked)",top_products_sports_energy
soft_drinks,5,Euro Shopper,Euro Shopper (sports & energy) - supplier Booker Belmont,42.0,,-5.5% (-2.5£m),52w to 6 Sep 2025,total grocery,The Grocer Top Products Survey 2025 / NIQ,https://www.thegrocer.co.uk/rankings/soft-drinks-carbonates-and-energy-drinks-2025-sales-fizz-for-functional-soda-brands/713072.article,"BRAND level, Top 5 Sports & energy drinks table. Value/discount energy (Booker wholesale own brand). (read via web.archive.org snapshot + Datawrapper dataset.csv; Grocer site is captcha-blocked)",top_products_sports_energy
soft_drinks,OL,OWN LABEL,Total own label - sports & energy,61.9,,+7.8% (+4.5£m),52w to 6 Sep 2025,total grocery,The Grocer Top Products Survey 2025 / NIQ,https://www.thegrocer.co.uk/rankings/soft-drinks-carbonates-and-energy-drinks-2025-sales-fizz-for-functional-soda-brands/713072.article,"Sports & energy total £2,748.5m (+10.6%, vol +7.0%, +57.3m litres); own label only 2.3% value share - energy is brand-dominated. (read via web.archive.org snapshot + Datawrapper dataset.csv; Grocer site is captcha-blocked)",top_products_sports_energy
soft_drinks,1,Highland Spring,Highland Spring bottled water,238.3,,+22.2%,52w to 6 Sep 2025,total grocery,The Grocer Top Products Survey 2025 / NIQ,https://www.thegrocer.co.uk/rankings/soft-drinks-bottled-water-squash-and-cordial-2025-highland-spring-soars-to-top-spot/713051.article,"BRAND level, Top 10 Bottled water table. (read via web.archive.org snapshot + Datawrapper dataset.csv; Grocer site is captcha-blocked)",top_products_bottled_water
soft_drinks,2,Evian,Evian bottled water,238.1,,+14.9%,52w to 6 Sep 2025,total grocery,The Grocer Top Products Survey 2025 / NIQ,https://www.thegrocer.co.uk/rankings/soft-drinks-bottled-water-squash-and-cordial-2025-highland-spring-soars-to-top-spot/713051.article,"BRAND level, Top 10 Bottled water table. (read via web.archive.org snapshot + Datawrapper dataset.csv; Grocer site is captcha-blocked)",top_products_bottled_water
soft_drinks,3,Volvic,Volvic bottled water,224.9,,+10.8%,52w to 6 Sep 2025,total grocery,The Grocer Top Products Survey 2025 / NIQ,https://www.thegrocer.co.uk/rankings/soft-drinks-bottled-water-squash-and-cordial-2025-highland-spring-soars-to-top-spot/713051.article,"BRAND level, Top 10 Bottled water table. (read via web.archive.org snapshot + Datawrapper dataset.csv; Grocer site is captcha-blocked)",top_products_bottled_water
soft_drinks,4,Buxton,Buxton bottled water,188.9,,+5.7%,52w to 6 Sep 2025,total grocery,The Grocer Top Products Survey 2025 / NIQ,https://www.thegrocer.co.uk/rankings/soft-drinks-bottled-water-squash-and-cordial-2025-highland-spring-soars-to-top-spot/713051.article,"BRAND level, Top 10 Bottled water table. (read via web.archive.org snapshot + Datawrapper dataset.csv; Grocer site is captcha-blocked)",top_products_bottled_water
soft_drinks,5,Nestle Pure Life,Nestle Pure Life bottled water,109.6,,+8.9%,52w to 6 Sep 2025,total grocery,The Grocer Top Products Survey 2025 / NIQ,https://www.thegrocer.co.uk/rankings/soft-drinks-bottled-water-squash-and-cordial-2025-highland-spring-soars-to-top-spot/713051.article,"BRAND level, Top 10 Bottled water table. (read via web.archive.org snapshot + Datawrapper dataset.csv; Grocer site is captcha-blocked)",top_products_bottled_water
soft_drinks,6,San Pellegrino,San Pellegrino bottled water,75.3,,+17.7%,52w to 6 Sep 2025,total grocery,The Grocer Top Products Survey 2025 / NIQ,https://www.thegrocer.co.uk/rankings/soft-drinks-bottled-water-squash-and-cordial-2025-highland-spring-soars-to-top-spot/713051.article,"BRAND level, Top 10 Bottled water table. (read via web.archive.org snapshot + Datawrapper dataset.csv; Grocer site is captcha-blocked)",top_products_bottled_water
soft_drinks,7,White Rock,White Rock bottled water,31.4,,+33.5%,52w to 6 Sep 2025,total grocery,The Grocer Top Products Survey 2025 / NIQ,https://www.thegrocer.co.uk/rankings/soft-drinks-bottled-water-squash-and-cordial-2025-highland-spring-soars-to-top-spot/713051.article,"BRAND level, Top 10 Bottled water table. (read via web.archive.org snapshot + Datawrapper dataset.csv; Grocer site is captcha-blocked)",top_products_bottled_water
soft_drinks,8,Rubicon (water),Rubicon (water) bottled water,31.3,,+2.3%,52w to 6 Sep 2025,total grocery,The Grocer Top Products Survey 2025 / NIQ,https://www.thegrocer.co.uk/rankings/soft-drinks-bottled-water-squash-and-cordial-2025-highland-spring-soars-to-top-spot/713051.article,"BRAND level, Top 10 Bottled water table. (read via web.archive.org snapshot + Datawrapper dataset.csv; Grocer site is captcha-blocked)",top_products_bottled_water
soft_drinks,9,Glaceau Smartwater,Glaceau Smartwater bottled water,30.6,,-13.5%,52w to 6 Sep 2025,total grocery,The Grocer Top Products Survey 2025 / NIQ,https://www.thegrocer.co.uk/rankings/soft-drinks-bottled-water-squash-and-cordial-2025-highland-spring-soars-to-top-spot/713051.article,"BRAND level, Top 10 Bottled water table. (read via web.archive.org snapshot + Datawrapper dataset.csv; Grocer site is captcha-blocked)",top_products_bottled_water
soft_drinks,10,Essence,Essence bottled water,17.5,,+19.5%,52w to 6 Sep 2025,total grocery,The Grocer Top Products Survey 2025 / NIQ,https://www.thegrocer.co.uk/rankings/soft-drinks-bottled-water-squash-and-cordial-2025-highland-spring-soars-to-top-spot/713051.article,"BRAND level, Top 10 Bottled water table. (read via web.archive.org snapshot + Datawrapper dataset.csv; Grocer site is captcha-blocked)",top_products_bottled_water
soft_drinks,OL,OWN LABEL,Total own label - bottled water,667.3,,+13.1%,52w to 6 Sep 2025,total grocery,The Grocer Top Products Survey 2025 / NIQ,https://www.thegrocer.co.uk/rankings/soft-drinks-bottled-water-squash-and-cordial-2025-highland-spring-soars-to-top-spot/713051.article,"Bottled water total £2,042.8m (+13.4%, vol +12.8%); own label = 32.7% value share. (read via web.archive.org snapshot + Datawrapper dataset.csv; Grocer site is captcha-blocked)",top_products_bottled_water
soft_drinks,1,Robinsons,Robinsons squash & cordial,205.3,,+1.3%,52w to 6 Sep 2025,total grocery,The Grocer Top Products Survey 2025 / NIQ,https://www.thegrocer.co.uk/rankings/soft-drinks-bottled-water-squash-and-cordial-2025-highland-spring-soars-to-top-spot/713051.article,"BRAND level, Top 5 Squash & cordial table (total £650.8m; own label £249.2m = 38.3% share). (read via web.archive.org snapshot + Datawrapper dataset.csv; Grocer site is captcha-blocked)",top_products_squash
soft_drinks,2,Vimto,Vimto squash & cordial,73.5,,+2.7%,52w to 6 Sep 2025,total grocery,The Grocer Top Products Survey 2025 / NIQ,https://www.thegrocer.co.uk/rankings/soft-drinks-bottled-water-squash-and-cordial-2025-highland-spring-soars-to-top-spot/713051.article,"BRAND level, Top 5 Squash & cordial table (total £650.8m; own label £249.2m = 38.3% share). (read via web.archive.org snapshot + Datawrapper dataset.csv; Grocer site is captcha-blocked)",top_products_squash
soft_drinks,3,Ribena,Ribena squash & cordial,47.3,,+6.6%,52w to 6 Sep 2025,total grocery,The Grocer Top Products Survey 2025 / NIQ,https://www.thegrocer.co.uk/rankings/soft-drinks-bottled-water-squash-and-cordial-2025-highland-spring-soars-to-top-spot/713051.article,"BRAND level, Top 5 Squash & cordial table (total £650.8m; own label £249.2m = 38.3% share). (read via web.archive.org snapshot + Datawrapper dataset.csv; Grocer site is captcha-blocked)",top_products_squash
soft_drinks,1,Innocent,Innocent juices & smoothies,325.8,,+5.4%,52w to 6 Sep 2025,total grocery,The Grocer Top Products Survey 2025 / NIQ,https://www.thegrocer.co.uk/rankings/soft-drinks-juices-and-smoothies-2025-functional-juice-shots-fuel-growth/712957.article,"BRAND level, Top 20 Juices & smoothies (total £2,496.9m, vol -3.3%; own label £1,082.7m = 43.4% share). (read via web.archive.org snapshot + Datawrapper dataset.csv; Grocer site is captcha-blocked)",top_products_juice
soft_drinks,2,Tropicana,Tropicana juices & smoothies,153.3,,-2.0%,52w to 6 Sep 2025,total grocery,The Grocer Top Products Survey 2025 / NIQ,https://www.thegrocer.co.uk/rankings/soft-drinks-juices-and-smoothies-2025-functional-juice-shots-fuel-growth/712957.article,"BRAND level, Top 20 Juices & smoothies (total £2,496.9m, vol -3.3%; own label £1,082.7m = 43.4% share). (read via web.archive.org snapshot + Datawrapper dataset.csv; Grocer site is captcha-blocked)",top_products_juice
soft_drinks,3,Oasis,Oasis juices & smoothies,120.1,,+10.0%,52w to 6 Sep 2025,total grocery,The Grocer Top Products Survey 2025 / NIQ,https://www.thegrocer.co.uk/rankings/soft-drinks-juices-and-smoothies-2025-functional-juice-shots-fuel-growth/712957.article,"BRAND level, Top 20 Juices & smoothies (total £2,496.9m, vol -3.3%; own label £1,082.7m = 43.4% share). (read via web.archive.org snapshot + Datawrapper dataset.csv; Grocer site is captcha-blocked)",top_products_juice
soft_drinks,4,Robinsons,Robinsons (juice drinks/Fruit Shoot) juices & smoothies,86.3,,+2.7%,52w to 6 Sep 2025,total grocery,The Grocer Top Products Survey 2025 / NIQ,https://www.thegrocer.co.uk/rankings/soft-drinks-juices-and-smoothies-2025-functional-juice-shots-fuel-growth/712957.article,"BRAND level, Top 20 Juices & smoothies (total £2,496.9m, vol -3.3%; own label £1,082.7m = 43.4% share). (read via web.archive.org snapshot + Datawrapper dataset.csv; Grocer site is captcha-blocked)",top_products_juice
soft_drinks,5,Ribena,Ribena (RTD) juices & smoothies,82.8,,+7.2%,52w to 6 Sep 2025,total grocery,The Grocer Top Products Survey 2025 / NIQ,https://www.thegrocer.co.uk/rankings/soft-drinks-juices-and-smoothies-2025-functional-juice-shots-fuel-growth/712957.article,"BRAND level, Top 20 Juices & smoothies (total £2,496.9m, vol -3.3%; own label £1,082.7m = 43.4% share). (read via web.archive.org snapshot + Datawrapper dataset.csv; Grocer site is captcha-blocked)",top_products_juice
soft_drinks,6,Vita Coco,Vita Coco juices & smoothies,60.9,,+30.6%,52w to 6 Sep 2025,total grocery,The Grocer Top Products Survey 2025 / NIQ,https://www.thegrocer.co.uk/rankings/soft-drinks-juices-and-smoothies-2025-functional-juice-shots-fuel-growth/712957.article,"BRAND level, Top 20 Juices & smoothies (total £2,496.9m, vol -3.3%; own label £1,082.7m = 43.4% share). (read via web.archive.org snapshot + Datawrapper dataset.csv; Grocer site is captcha-blocked)",top_products_juice
soft_drinks,7,Britvic J20,Britvic J20 juices & smoothies,55.3,,+5.8%,52w to 6 Sep 2025,total grocery,The Grocer Top Products Survey 2025 / NIQ,https://www.thegrocer.co.uk/rankings/soft-drinks-juices-and-smoothies-2025-functional-juice-shots-fuel-growth/712957.article,"BRAND level, Top 20 Juices & smoothies (total £2,496.9m, vol -3.3%; own label £1,082.7m = 43.4% share). (read via web.archive.org snapshot + Datawrapper dataset.csv; Grocer site is captcha-blocked)",top_products_juice
soft_drinks,8,Naked,Naked juices & smoothies,52.9,,-10.7%,52w to 6 Sep 2025,total grocery,The Grocer Top Products Survey 2025 / NIQ,https://www.thegrocer.co.uk/rankings/soft-drinks-juices-and-smoothies-2025-functional-juice-shots-fuel-growth/712957.article,"BRAND level, Top 20 Juices & smoothies (total £2,496.9m, vol -3.3%; own label £1,082.7m = 43.4% share). (read via web.archive.org snapshot + Datawrapper dataset.csv; Grocer site is captcha-blocked)",top_products_juice
soft_drinks,9,Capri-Sun,Capri-Sun juices & smoothies,42.8,,+0.9%,52w to 6 Sep 2025,total grocery,The Grocer Top Products Survey 2025 / NIQ,https://www.thegrocer.co.uk/rankings/soft-drinks-juices-and-smoothies-2025-functional-juice-shots-fuel-growth/712957.article,"BRAND level, Top 20 Juices & smoothies (total £2,496.9m, vol -3.3%; own label £1,082.7m = 43.4% share). (read via web.archive.org snapshot + Datawrapper dataset.csv; Grocer site is captcha-blocked)",top_products_juice
soft_drinks,10,Copella,Copella juices & smoothies,36.5,,+14.8%,52w to 6 Sep 2025,total grocery,The Grocer Top Products Survey 2025 / NIQ,https://www.thegrocer.co.uk/rankings/soft-drinks-juices-and-smoothies-2025-functional-juice-shots-fuel-growth/712957.article,"BRAND level, Top 20 Juices & smoothies (total £2,496.9m, vol -3.3%; own label £1,082.7m = 43.4% share). (read via web.archive.org snapshot + Datawrapper dataset.csv; Grocer site is captcha-blocked)",top_products_juice
soft_drinks,11,Moju,Moju juices & smoothies,30.3,,+44.1%,52w to 6 Sep 2025,total grocery,The Grocer Top Products Survey 2025 / NIQ,https://www.thegrocer.co.uk/rankings/soft-drinks-juices-and-smoothies-2025-functional-juice-shots-fuel-growth/712957.article,"BRAND level, Top 20 Juices & smoothies (total £2,496.9m, vol -3.3%; own label £1,082.7m = 43.4% share). Functional juice shots challenger. (read via web.archive.org snapshot + Datawrapper dataset.csv; Grocer site is captcha-blocked)",top_products_juice
soft_drinks,13,Mockingbird Raw Press,Mockingbird Raw Press juices & smoothies,24.9,,+56.2%,52w to 6 Sep 2025,total grocery,The Grocer Top Products Survey 2025 / NIQ,https://www.thegrocer.co.uk/rankings/soft-drinks-juices-and-smoothies-2025-functional-juice-shots-fuel-growth/712957.article,"BRAND level, Top 20 Juices & smoothies (total £2,496.9m, vol -3.3%; own label £1,082.7m = 43.4% share). Functional juice shots challenger. (read via web.archive.org snapshot + Datawrapper dataset.csv; Grocer site is captcha-blocked)",top_products_juice
soft_drinks,17,Plenish,Plenish (juice/shots) juices & smoothies,17.4,,+106.9%,52w to 6 Sep 2025,total grocery,The Grocer Top Products Survey 2025 / NIQ,https://www.thegrocer.co.uk/rankings/soft-drinks-juices-and-smoothies-2025-functional-juice-shots-fuel-growth/712957.article,"BRAND level, Top 20 Juices & smoothies (total £2,496.9m, vol -3.3%; own label £1,082.7m = 43.4% share). Functional juice shots challenger. (read via web.archive.org snapshot + Datawrapper dataset.csv; Grocer site is captcha-blocked)",top_products_juice
soft_drinks,2,Coca-Cola,Coca-Cola total brand (all grocery categories),1889.3,,+1.8%,52w to 31 Dec 2025,total grocery,The Grocer Britain's Biggest Brands 2026 / NIQ,https://www.thegrocer.co.uk/rankings/britains-biggest-brands-2026-the-top-100/716575.article,Rank = position in Britain's Biggest Brands (all FMCG). Lost 43.8m packs (most units lost of any soft drinks brand); Coke Original vol -6.3%; Diet Coke units -4.9%; Coke Zero +£13.1m. Value held by +7.7% avg price. (read via web.archive.org snapshot + Datawrapper dataset.csv; Grocer site is captcha-blocked),bbb2026_brand_umbrella
soft_drinks,6,Pepsi,Pepsi total brand (all grocery categories),994.7,,+7.1%,52w to 31 Dec 2025,total grocery,The Grocer Britain's Biggest Brands 2026 / NIQ,https://www.thegrocer.co.uk/rankings/britains-biggest-brands-2026-the-top-100/716575.article,Rank = position in Britain's Biggest Brands (all FMCG). Pepsi Max alone worth £820.9m - UK's biggest-selling cola by units. Volumes +4.4%. (read via web.archive.org snapshot + Datawrapper dataset.csv; Grocer site is captcha-blocked),bbb2026_brand_umbrella
soft_drinks,7,Red Bull,Red Bull total brand (all grocery categories),924.4,,+15.9%,52w to 31 Dec 2025,total grocery,The Grocer Britain's Biggest Brands 2026 / NIQ,https://www.thegrocer.co.uk/rankings/britains-biggest-brands-2026-the-top-100/716575.article,Rank = position in Britain's Biggest Brands (all FMCG). +£127m (read via web.archive.org snapshot + Datawrapper dataset.csv; Grocer site is captcha-blocked),bbb2026_brand_umbrella
soft_drinks,9,Monster,Monster total brand (all grocery categories),846.8,,+19.9%,52w to 31 Dec 2025,total grocery,The Grocer Britain's Biggest Brands 2026 / NIQ,https://www.thegrocer.co.uk/rankings/britains-biggest-brands-2026-the-top-100/716575.article,Rank = position in Britain's Biggest Brands (all FMCG). +£140.5m = largest absolute gain in the whole top 100; units +12.4% (+46.6m packs). 67% of energy drinkers prefer to buy chilled (on-the-go). (read via web.archive.org snapshot + Datawrapper dataset.csv; Grocer site is captcha-blocked),bbb2026_brand_umbrella
soft_drinks,11,Lucozade,Lucozade total brand (all grocery categories),678.4,,+11.5%,52w to 31 Dec 2025,total grocery,The Grocer Britain's Biggest Brands 2026 / NIQ,https://www.thegrocer.co.uk/rankings/britains-biggest-brands-2026-the-top-100/716575.article,"Rank = position in Britain's Biggest Brands (all FMCG). Lucozade Sport Ice Kick (Mar 2025, Jude Bellingham) made £24.4m, 51% repeat rate. (read via web.archive.org snapshot + Datawrapper dataset.csv; Grocer site is captcha-blocked)",bbb2026_brand_umbrella
soft_drinks,31,Fanta,Fanta total brand (all grocery categories),328.2,,+1.7%,52w to 31 Dec 2025,total grocery,The Grocer Britain's Biggest Brands 2026 / NIQ,https://www.thegrocer.co.uk/rankings/britains-biggest-brands-2026-the-top-100/716575.article,Rank = position in Britain's Biggest Brands (all FMCG).  (read via web.archive.org snapshot + Datawrapper dataset.csv; Grocer site is captcha-blocked),bbb2026_brand_umbrella
soft_drinks,44,Dr Pepper,Dr Pepper total brand (all grocery categories),241.6,,+19.6%,52w to 31 Dec 2025,total grocery,The Grocer Britain's Biggest Brands 2026 / NIQ,https://www.thegrocer.co.uk/rankings/britains-biggest-brands-2026-the-top-100/716575.article,Rank = position in Britain's Biggest Brands (all FMCG). Fastest-growing fizzy brand; +16m packs; Zero Cherry Crush made >£20m. (read via web.archive.org snapshot + Datawrapper dataset.csv; Grocer site is captcha-blocked),bbb2026_brand_umbrella
soft_drinks,147,7up,7up total brand (all grocery categories),89.6,,+17.8%,52w to 31 Dec 2025,total grocery,The Grocer Britain's Biggest Brands 2026 / NIQ,https://www.thegrocer.co.uk/rankings/britains-biggest-brands-2026-the-challengers-threatening-the-top-100/716578.article,Rank = position in Britain's Biggest Brands (all FMCG). Challenger list (outside top 100). (read via web.archive.org snapshot + Datawrapper dataset.csv; Grocer site is captcha-blocked),bbb2026_brand_umbrella
soft_drinks,122,San Pellegrino,San Pellegrino total brand (all grocery categories),113.5,,+14.3%,52w to 31 Dec 2025,total grocery,The Grocer Britain's Biggest Brands 2026 / NIQ,https://www.thegrocer.co.uk/rankings/britains-biggest-brands-2026-the-challengers-threatening-the-top-100/716578.article,Rank = position in Britain's Biggest Brands (all FMCG). Challenger list (outside top 100). (read via web.archive.org snapshot + Datawrapper dataset.csv; Grocer site is captcha-blocked),bbb2026_brand_umbrella
soft_drinks,69,Irn-Bru,Irn-Bru total brand (all grocery categories),167.4,,-1.0%,52w to 31 Dec 2025,total grocery,The Grocer Britain's Biggest Brands 2026 / NIQ,https://www.thegrocer.co.uk/rankings/britains-biggest-brands-2026-the-top-100/716575.article,Rank = position in Britain's Biggest Brands (all FMCG). Irn-Bru Xtra renamed Irn-Bru Zero Dec 2025. (read via web.archive.org snapshot + Datawrapper dataset.csv; Grocer site is captcha-blocked),bbb2026_brand_umbrella
soft_drinks,86,Schweppes,Schweppes total brand (all grocery categories),139.1,,-3.0%,52w to 31 Dec 2025,total grocery,The Grocer Britain's Biggest Brands 2026 / NIQ,https://www.thegrocer.co.uk/rankings/britains-biggest-brands-2026-the-top-100/716575.article,Rank = position in Britain's Biggest Brands (all FMCG). Vol -5.3%. (read via web.archive.org snapshot + Datawrapper dataset.csv; Grocer site is captcha-blocked),bbb2026_brand_umbrella
soft_drinks,,Trip,"Trip CBD / Mindful Blend (magnesium, adaptogens) cans",,+88.4% vol,+86.4%,52w to 6 Sep 2025,total grocery,The Grocer Top Products Survey 2025 / NIQ,https://www.thegrocer.co.uk/rankings/soft-drinks-carbonates-and-energy-drinks-2025-sales-fizz-for-functional-soda-brands/713072.article,BREAKOUT CHALLENGER (functional soda). £ value not published in free text. Raised $40m. Functional health drinks category £143.5m +26.4% [Circana 52we 25 Jan 2025]. (read via web.archive.org snapshot + Datawrapper dataset.csv; Grocer site is captcha-blocked),other_soft_drinks
soft_drinks,,Goodrays,Goodrays CBD / Re:Focus functional drinks,,+54.1% vol,+46.6%,52w to 6 Sep 2025,total grocery,The Grocer Top Products Survey 2025 / NIQ,https://www.thegrocer.co.uk/rankings/soft-drinks-carbonates-and-energy-drinks-2025-sales-fizz-for-functional-soda-brands/713072.article,BREAKOUT CHALLENGER (functional). £ value not published. (read via web.archive.org snapshot + Datawrapper dataset.csv; Grocer site is captcha-blocked),other_soft_drinks
soft_drinks,,Poppi,Poppi prebiotic soda (PepsiCo; via Carlsberg Britvic),8.5,,new (launched Mar 2026),52w to 13 Jun 2026,total grocery,The Grocer news / NIQ,https://www.thegrocer.co.uk/news/poppi-uk-launch-accelerates-pre-and-probiotic-soda-sales-boom/720469.article,"BREAKOUT CHALLENGER. 61.7% of the £13.7m pre/probiotic soda segment within ~3 months of launch (Tesco, Pret). (read via web.archive.org snapshot + Datawrapper dataset.csv; Grocer site is captcha-blocked)",other_soft_drinks
soft_drinks,,Hip Pop,Hip Pop gut-friendly soda / kombucha,2.3,,triple-digit %,52w to 13 Jun 2026,total grocery,The Grocer news / NIQ,https://www.thegrocer.co.uk/news/poppi-uk-launch-accelerates-pre-and-probiotic-soda-sales-boom/720469.article,CHALLENGER. Value derived: Poppi £8.5m minus '£6.2m more than nearest competitor Hip Pop' = ~£2.3m (DERIVED). Living Things and Xoxo Soda also triple-digit growth. Kombucha overall £45m +15.4%. (read via web.archive.org snapshot + Datawrapper dataset.csv; Grocer site is captcha-blocked),other_soft_drinks
soft_drinks,,Prime,Prime Hydration / Prime Energy,15.0,,-79.5% (-£58.4m),52w to 6 Sep 2025,total grocery,The Grocer Top Products Survey 2025 / NIQ,https://www.thegrocer.co.uk/rankings/soft-drinks-carbonates-and-energy-drinks-2025-sales-fizz-for-functional-soda-brands/713072.article,FADED FAD (useful negative example for novelty decay). 2025 value DERIVED = £73.4m (2024 TPS) minus £58.4m. Was £136.6m in 2023 TPS. (read via web.archive.org snapshot + Datawrapper dataset.csv; Grocer site is captcha-blocked),other_soft_drinks
plant_milk_dairy_alt,2,Alpro,Alpro plant drinks (oat/soya/almond/barista),157.7,,-1.7% (-2.7£m),52w to 6 Sep 2025,total grocery,The Grocer Top Products Survey 2025 / NIQ,https://www.thegrocer.co.uk/rankings/dairy-drinks-2025-health-savvy-brits-drive-huge-gains/712960.article,Rank in Grocer TOP 10 Milk table (dairy + plant combined). Plant-only rank 1. Volumes -3.5%; Barista range outpacing segment (+37% per Alpro FY2024). Moved to 100% British oats Oct 2025. (read via web.archive.org snapshot + Datawrapper dataset.csv; Grocer site is captcha-blocked),other_plant_milk_dairy_alt
plant_milk_dairy_alt,3,Oatly,Oatly oat drinks (incl Barista),124.7,,+1.0% (+1.2£m),52w to 6 Sep 2025,total grocery,The Grocer Top Products Survey 2025 / NIQ,https://www.thegrocer.co.uk/rankings/dairy-drinks-2025-health-savvy-brits-drive-huge-gains/712960.article,Rank in Grocer TOP 10 Milk table (dairy + plant combined). Plant-only rank 2. (read via web.archive.org snapshot + Datawrapper dataset.csv; Grocer site is captcha-blocked),other_plant_milk_dairy_alt
plant_milk_dairy_alt,10,Plenish,Plenish organic plant milks (Carlsberg Britvic),28.5,,+51.4% (+9.7£m),52w to 6 Sep 2025,total grocery,The Grocer Top Products Survey 2025 / NIQ,https://www.thegrocer.co.uk/rankings/dairy-drinks-2025-health-savvy-brits-drive-huge-gains/712960.article,"Rank in Grocer TOP 10 Milk table (dairy + plant combined). Plant-only rank 3. BREAKOUT CHALLENGER (clean-label, no oils/additives). (read via web.archive.org snapshot + Datawrapper dataset.csv; Grocer site is captcha-blocked)",top_products_milk
plant_milk_dairy_alt,1,Cravendale,Cravendale filtered dairy milk (Arla),222.7,,-1.4% (-3.1£m),52w to 6 Sep 2025,total grocery,The Grocer Top Products Survey 2025 / NIQ,https://www.thegrocer.co.uk/rankings/dairy-drinks-2025-health-savvy-brits-drive-huge-gains/712960.article,Rank in Grocer TOP 10 Milk table (dairy + plant combined). DAIRY incumbent shelved next to alt-milks. Volumes -9% on +8.3% price/litre. (read via web.archive.org snapshot + Datawrapper dataset.csv; Grocer site is captcha-blocked),top_products_milk
plant_milk_dairy_alt,4,Muller,Muller dairy milk,96.3,,+38.3% (+26.6£m),52w to 6 Sep 2025,total grocery,The Grocer Top Products Survey 2025 / NIQ,https://www.thegrocer.co.uk/rankings/dairy-drinks-2025-health-savvy-brits-drive-huge-gains/712960.article,Rank in Grocer TOP 10 Milk table (dairy + plant combined). DAIRY; biggest winner +28m litres. (read via web.archive.org snapshot + Datawrapper dataset.csv; Grocer site is captcha-blocked),top_products_milk
plant_milk_dairy_alt,5,Freshways,Freshways dairy milk,82.9,,-5.3% (-4.7£m),52w to 6 Sep 2025,total grocery,The Grocer Top Products Survey 2025 / NIQ,https://www.thegrocer.co.uk/rankings/dairy-drinks-2025-health-savvy-brits-drive-huge-gains/712960.article,Rank in Grocer TOP 10 Milk table (dairy + plant combined). DAIRY. (read via web.archive.org snapshot + Datawrapper dataset.csv; Grocer site is captcha-blocked),top_products_milk
plant_milk_dairy_alt,6,Lactofree,Arla Lactofree lactose-free dairy milk,65.0,,+2.5% (+1.6£m),52w to 6 Sep 2025,total grocery,The Grocer Top Products Survey 2025 / NIQ,https://www.thegrocer.co.uk/rankings/dairy-drinks-2025-health-savvy-brits-drive-huge-gains/712960.article,Rank in Grocer TOP 10 Milk table (dairy + plant combined). DAIRY ALTERNATIVE (lactose-free) - closest dairy competitor to plant milks. (read via web.archive.org snapshot + Datawrapper dataset.csv; Grocer site is captcha-blocked),top_products_milk
plant_milk_dairy_alt,7,Arla,"Arla masterbrand milk (B.O.B., Big Milk, Protein)",62.6,,+7.5% (+4.4£m),52w to 6 Sep 2025,total grocery,The Grocer Top Products Survey 2025 / NIQ,https://www.thegrocer.co.uk/rankings/dairy-drinks-2025-health-savvy-brits-drive-huge-gains/712960.article,Rank in Grocer TOP 10 Milk table (dairy + plant combined). DAIRY. (read via web.archive.org snapshot + Datawrapper dataset.csv; Grocer site is captcha-blocked),top_products_milk
plant_milk_dairy_alt,8,Graham's,Graham's The Family Dairy,42.3,,+22.4% (+7.7£m),52w to 6 Sep 2025,total grocery,The Grocer Top Products Survey 2025 / NIQ,https://www.thegrocer.co.uk/rankings/dairy-drinks-2025-health-savvy-brits-drive-huge-gains/712960.article,Rank in Grocer TOP 10 Milk table (dairy + plant combined). DAIRY (Scottish premium). (read via web.archive.org snapshot + Datawrapper dataset.csv; Grocer site is captcha-blocked),other_plant_milk_dairy_alt
plant_milk_dairy_alt,9,Yeo Valley,Yeo Valley organic milk,36.3,,+12.5% (+4.0£m),52w to 6 Sep 2025,total grocery,The Grocer Top Products Survey 2025 / NIQ,https://www.thegrocer.co.uk/rankings/dairy-drinks-2025-health-savvy-brits-drive-huge-gains/712960.article,Rank in Grocer TOP 10 Milk table (dairy + plant combined). DAIRY (organic). (read via web.archive.org snapshot + Datawrapper dataset.csv; Grocer site is captcha-blocked),top_products_milk
plant_milk_dairy_alt,OL,OWN LABEL,Total own label - milk (dairy + plant),2973.0,vol -1.9% (total),+0.7%,52w to 6 Sep 2025,total grocery,The Grocer Top Products Survey 2025 / NIQ,https://www.thegrocer.co.uk/rankings/dairy-drinks-2025-health-savvy-brits-drive-huge-gains/712960.article,"Milk & alt-milk total £4,147.6m (+1.2%); own label = 71.7% (driven by plain dairy milk; own-label share of PLANT milk is far lower - ~10% for UK plant-based overall per GFI/Circana). (read via web.archive.org snapshot + Datawrapper dataset.csv; Grocer site is captcha-blocked)",top_products_milk
plant_milk_dairy_alt,,CATEGORY TOTAL,Milk alternatives (plant drinks) - total category,338.5,vol -1%,+3.2%,52w to 20 Sep 2025,total grocery,The Grocer news (Minor Figures accounts) / NIQ,https://www.thegrocer.co.uk/news/minor-figures-still-in-the-red-but-profits-in-sight/717811.article,"Only Plenish, Califia Farms, Rude Health and Glebe Farm grew units; Minor Figures units -8.7%. Alpro+Oatly+Plenish ~= 92% of this total (scope differences possible). (read via web.archive.org snapshot + Datawrapper dataset.csv; Grocer site is captcha-blocked)",other_plant_milk_dairy_alt
plant_milk_dairy_alt,41,Alpro,Alpro total brand (drinks + yoghurt alternatives + desserts),244.1,,+0.3%,52w to 31 Dec 2025,total grocery,The Grocer Britain's Biggest Brands 2026 / NIQ,https://www.thegrocer.co.uk/rankings/britains-biggest-brands-2026-the-top-100/716575.article,Britain's Biggest Brands rank 41 (all FMCG). Launched Alpro Kids (Jul 2025); 5 Essential Nutrients push. (read via web.archive.org snapshot + Datawrapper dataset.csv; Grocer site is captcha-blocked),bbb2026_brand_umbrella
plant_milk_dairy_alt,90,Oatly,Oatly total brand,136.6,,+2.1%,52w to 31 Dec 2025,total grocery,The Grocer Britain's Biggest Brands 2026 / NIQ,https://www.thegrocer.co.uk/rankings/britains-biggest-brands-2026-the-top-100/716575.article,"Britain's Biggest Brands rank 90. Matcha Latte Oat Drink, flavoured Barista lines. Lost UK Supreme Court 'milk' trademark case (2026). (read via web.archive.org snapshot + Datawrapper dataset.csv; Grocer site is captcha-blocked)",bbb2026_brand_umbrella
plant_milk_dairy_alt,,Minor Figures,Minor Figures oat milk / barista / RTD coffee,,units -8.7% (UK retail),"company revenue +6% to £35.8m (FY to Jun 2025, global)",FY to 30 Jun 2025; NIQ 52w to 20 Sep 2025,total grocery,The Grocer news / company accounts,https://www.thegrocer.co.uk/news/minor-figures-still-in-the-red-but-profits-in-sight/717811.article,UK retail value not published; ESTIMATE ~£10-20m UK retail (company revenue is global & incl. foodservice). Cumulative losses £28.8m. (read via web.archive.org snapshot + Datawrapper dataset.csv; Grocer site is captcha-blocked),other_plant_milk_dairy_alt
plant_milk_dairy_alt,,Rude Health,Rude Health oat/almond/coconut drinks (Oddlygood Group),,units growing,brand +18.9% (company claim); chilled +50%,2025,total grocery,Retail Times / NIQ (via Grocer),https://retailtimes.co.uk/rude-health-expands-distribution-into-asda-following-50-growth-in-chilled-range-sales/,ESTIMATE - no £ value public; small (<£15m). One of 4 alt-milk brands growing units (NIQ 52we 20 Sep 2025).,other_plant_milk_dairy_alt
plant_milk_dairy_alt,,Califia Farms,Califia Farms oat barista blend,,units growing,,52w to 20 Sep 2025,total grocery,The Grocer news / NIQ,https://www.thegrocer.co.uk/news/minor-figures-still-in-the-red-but-profits-in-sight/717811.article,ESTIMATE - no £ value public; small. Grew units in a declining-volume category.,other_plant_milk_dairy_alt
plant_milk_dairy_alt,,Glebe Farm (PureOaty),"PureOaty oat drinks (British, gluten-free)",,units growing,,52w to 20 Sep 2025,total grocery,The Grocer news / NIQ,https://www.thegrocer.co.uk/news/minor-figures-still-in-the-red-but-profits-in-sight/717811.article,ESTIMATE - small. Grew units; launched PureOaty coconut-oat drink 2026.,other_plant_milk_dairy_alt
plant_milk_dairy_alt,,Oato,Oato fresh (chilled) oat milk,,rate of sale +45% YoY (brand claim),,2025,total grocery,Retail Times (brand press release),https://retailtimes.co.uk/oato-expands-retail-distribution-by-30-with-120-more-sainsburys-stores/,ESTIMATE - small challenger; best-selling fresh oat milk on milk rounds; Sainsbury's/Tesco/Waitrose/Ocado.,other_plant_milk_dairy_alt
plant_milk_dairy_alt,,Arla Jord,Jord oat drink (Arla) - DELISTED 2025,5.5,vol -11.6%,,52w to 7 Sep 2024,total grocery,The Grocer Top Products Survey 2025 / NIQ,https://www.thegrocer.co.uk/rankings/dairy-drinks-2025-health-savvy-brits-drive-huge-gains/712960.article,FAILED ENTRANT: dairy co-op's oat milk axed Jan 2025 - shows incumbents (Alpro/Oatly) hard to dislodge. (read via web.archive.org snapshot + Datawrapper dataset.csv; Grocer site is captcha-blocked),other_plant_milk_dairy_alt
plant_milk_dairy_alt,,OWN LABEL,Own label share of UK plant-based (all 6 categories),~89.8 (10% of £898m),PL volume -8.9% vs branded -2.3%,,yr to Jan 2025,total grocery (excl. Aldi/Lidl),GFI Europe / Circana,https://gfieurope.org/wp-content/uploads/2025/06/UK-plant-based-food-retail-market-insights-2022-2024.pdf,Own label only ~10% of plant-based value (vs ~50%+ of grocery overall). Plant milk & drinks = 46% of plant-based value (~£413m) and 10.9% of total milk & dairy drinks value. ~31.8% of households bought plant milk in 2024 (NIQ Homescan). Oat = ~53% of plant milk (Kantar H1 2024).,other_plant_milk_dairy_alt
crisps_savoury,1,Walkers,"Walkers (brand total, crisps & snacks; owner PepsiCo)",607.9,,+0.7% (£+4.3m),52 weeks to 6 Sep 2025,total grocery,The Grocer Top Products Survey 2025 (NIQ) - Top 20 Crisps,https://www.thegrocer.co.uk/rankings/bagged-snacks-2025-own-label-price-hikes-boost-brands/713034.article,core Walkers crisps (excl. sub-brands); volume +0.2% kg,top_products_crisps_savoury
crisps_savoury,2,Pringles,"Pringles (brand total, crisps & snacks; owner Kellanova)",341.9,,-8.7% (£-32.4m),52 weeks to 6 Sep 2025,total grocery,The Grocer Top Products Survey 2025 (NIQ) - Top 20 Crisps,https://www.thegrocer.co.uk/rankings/bagged-snacks-2025-own-label-price-hikes-boost-brands/713034.article,biggest absolute loss in top 30; volume -12.2% (-4.1m kg),top_products_crisps_savoury
crisps_savoury,3,Doritos,"Doritos (brand total, crisps & snacks; owner PepsiCo)",263.1,,+0.5% (£+1.3m),52 weeks to 6 Sep 2025,total grocery,The Grocer Top Products Survey 2025 (NIQ) - Top 20 Crisps,https://www.thegrocer.co.uk/rankings/bagged-snacks-2025-own-label-price-hikes-boost-brands/713034.article,non-HFSS reformulation late 2024,top_products_crisps_savoury
crisps_savoury,4,Hula Hoops,"Hula Hoops (brand total, crisps & snacks; owner KP Snacks)",221.9,,+7.5% (£+15.5m),52 weeks to 6 Sep 2025,total grocery,The Grocer Top Products Survey 2025 (NIQ) - Top 20 Crisps,https://www.thegrocer.co.uk/rankings/bagged-snacks-2025-own-label-price-hikes-boost-brands/713034.article,volume +5.2%; brands gaining as own-label raised prices more,top_products_crisps_savoury
crisps_savoury,5,McCoy's,"McCoy's (brand total, crisps & snacks; owner KP Snacks)",195.8,,+4.7% (£+8.7m),52 weeks to 6 Sep 2025,total grocery,The Grocer Top Products Survey 2025 (NIQ) - Top 20 Crisps,https://www.thegrocer.co.uk/rankings/bagged-snacks-2025-own-label-price-hikes-boost-brands/713034.article,"NFL sponsorship, limited-edition flavours",top_products_crisps_savoury
crisps_savoury,6,Wotsits,"Wotsits (brand total, crisps & snacks; owner PepsiCo)",169.5,,-3.2% (£-5.7m),52 weeks to 6 Sep 2025,total grocery,The Grocer Top Products Survey 2025 (NIQ) - Top 20 Crisps,https://www.thegrocer.co.uk/rankings/bagged-snacks-2025-own-label-price-hikes-boost-brands/713034.article,,top_products_crisps_savoury
crisps_savoury,7,Sensations,"Sensations (brand total, crisps & snacks; owner PepsiCo)",133.8,,-3.9% (£-5.4m),52 weeks to 6 Sep 2025,total grocery,The Grocer Top Products Survey 2025 (NIQ) - Top 20 Crisps,https://www.thegrocer.co.uk/rankings/bagged-snacks-2025-own-label-price-hikes-boost-brands/713034.article,premium Walkers sub-brand,top_products_crisps_savoury
crisps_savoury,8,Quavers,"Quavers (brand total, crisps & snacks; owner PepsiCo)",128.8,,-0.7% (£-0.9m),52 weeks to 6 Sep 2025,total grocery,The Grocer Top Products Survey 2025 (NIQ) - Top 20 Crisps,https://www.thegrocer.co.uk/rankings/bagged-snacks-2025-own-label-price-hikes-boost-brands/713034.article,,top_products_crisps_savoury
crisps_savoury,9,Jacob's,"Jacob's (brand total, crisps & snacks; owner Pladis UK)",127.5,,-1.5% (£-1.9m),52 weeks to 6 Sep 2025,total grocery,The Grocer Top Products Survey 2025 (NIQ) - Top 20 Crisps,https://www.thegrocer.co.uk/rankings/bagged-snacks-2025-own-label-price-hikes-boost-brands/713034.article,savoury crackers/Mini Cheddars-type bagged snacks counted in crisps table,top_products_crisps_savoury
crisps_savoury,10,Monster Munch,"Monster Munch (brand total, crisps & snacks; owner PepsiCo)",82.6,,-3.5% (£-3.0m),52 weeks to 6 Sep 2025,total grocery,The Grocer Top Products Survey 2025 (NIQ) - Top 20 Crisps,https://www.thegrocer.co.uk/rankings/bagged-snacks-2025-own-label-price-hikes-boost-brands/713034.article,,top_products_crisps_savoury
crisps_savoury,11,Walkers Baked,"Walkers Baked (brand total, crisps & snacks; owner PepsiCo)",77.6,,-7.4% (£-6.2m),52 weeks to 6 Sep 2025,total grocery,The Grocer Top Products Survey 2025 (NIQ) - Top 20 Crisps,https://www.thegrocer.co.uk/rankings/bagged-snacks-2025-own-label-price-hikes-boost-brands/713034.article,better-for-you sub-brand declining,top_products_crisps_savoury
crisps_savoury,12,Walkers Max,"Walkers Max (brand total, crisps & snacks; owner PepsiCo)",68.6,,-18.8% (£-15.9m),52 weeks to 6 Sep 2025,total grocery,The Grocer Top Products Survey 2025 (NIQ) - Top 20 Crisps,https://www.thegrocer.co.uk/rankings/bagged-snacks-2025-own-label-price-hikes-boost-brands/713034.article,biggest % loss in top 20,top_products_crisps_savoury
crisps_savoury,13,Tyrrells,"Tyrrells (brand total, crisps & snacks; owner KP Snacks)",66.6,,+5.7% (£+3.6m),52 weeks to 6 Sep 2025,total grocery,The Grocer Top Products Survey 2025 (NIQ) - Top 20 Crisps,https://www.thegrocer.co.uk/rankings/bagged-snacks-2025-own-label-price-hikes-boost-brands/713034.article,premium; Furrows ridge-cut driving volume +4.2%,top_products_crisps_savoury
crisps_savoury,14,Kettle Chips,"Kettle Chips (brand total, crisps & snacks; owner Valeo Foods)",62.1,,-2.9% (£-1.8m),52 weeks to 6 Sep 2025,total grocery,The Grocer Top Products Survey 2025 (NIQ) - Top 20 Crisps,https://www.thegrocer.co.uk/rankings/bagged-snacks-2025-own-label-price-hikes-boost-brands/713034.article,premium; volume -4.6%,top_products_crisps_savoury
crisps_savoury,15,Squares,"Squares (brand total, crisps & snacks; owner PepsiCo)",61.4,,+6.1% (£+3.5m),52 weeks to 6 Sep 2025,total grocery,The Grocer Top Products Survey 2025 (NIQ) - Top 20 Crisps,https://www.thegrocer.co.uk/rankings/bagged-snacks-2025-own-label-price-hikes-boost-brands/713034.article,,top_products_crisps_savoury
crisps_savoury,16,Butterkist,"Butterkist (brand total, crisps & snacks; owner KP Snacks)",56.7,,-0.9% (£-0.5m),52 weeks to 6 Sep 2025,total grocery,The Grocer Top Products Survey 2025 (NIQ) - Top 20 Crisps,https://www.thegrocer.co.uk/rankings/bagged-snacks-2025-own-label-price-hikes-boost-brands/713034.article,popcorn - largest popcorn brand in table,top_products_crisps_savoury
crisps_savoury,17,Skips,"Skips (brand total, crisps & snacks; owner KP Snacks)",49.3,,-2.3% (£-1.2m),52 weeks to 6 Sep 2025,total grocery,The Grocer Top Products Survey 2025 (NIQ) - Top 20 Crisps,https://www.thegrocer.co.uk/rankings/bagged-snacks-2025-own-label-price-hikes-boost-brands/713034.article,,top_products_crisps_savoury
crisps_savoury,18,Seabrook,"Seabrook (brand total, crisps & snacks; owner Calbee)",46.9,,+1.4% (£+0.7m),52 weeks to 6 Sep 2025,total grocery,The Grocer Top Products Survey 2025 (NIQ) - Top 20 Crisps,https://www.thegrocer.co.uk/rankings/bagged-snacks-2025-own-label-price-hikes-boost-brands/713034.article,,top_products_crisps_savoury
crisps_savoury,19,Nik-Naks,"Nik-Naks (brand total, crisps & snacks; owner KP Snacks)",46.8,,+0.1% (£+0.1m),52 weeks to 6 Sep 2025,total grocery,The Grocer Top Products Survey 2025 (NIQ) - Top 20 Crisps,https://www.thegrocer.co.uk/rankings/bagged-snacks-2025-own-label-price-hikes-boost-brands/713034.article,,top_products_crisps_savoury
crisps_savoury,20,French Fries,"French Fries (brand total, crisps & snacks; owner PepsiCo)",41.9,,+4.9% (£+2.0m),52 weeks to 6 Sep 2025,total grocery,The Grocer Top Products Survey 2025 (NIQ) - Top 20 Crisps,https://www.thegrocer.co.uk/rankings/bagged-snacks-2025-own-label-price-hikes-boost-brands/713034.article,,top_products_crisps_savoury
crisps_savoury,OL,Own label,All own-label crisps & snacks,1060.3,-2.8m kg vs YA,-0.1% (£-0.7m),52 weeks to 6 Sep 2025,total grocery,The Grocer Top Products Survey 2025 (NIQ) - Top 20 Crisps,https://www.thegrocer.co.uk/rankings/bagged-snacks-2025-own-label-price-hikes-boost-brands/713034.article,"Own-label = 21.9% of £4,834.1m crisps category value; total category +0.5% value, -0.3% volume",top_products_crisps_savoury
crisps_savoury,TOTAL,Category total,Crisps & bagged snacks total,4834.1,volume -0.3%,+0.5% (£+26.4m),52 weeks to 6 Sep 2025,total grocery,The Grocer Top Products Survey 2025 (NIQ) - Top 20 Crisps,https://www.thegrocer.co.uk/rankings/bagged-snacks-2025-own-label-price-hikes-boost-brands/713034.article,denominator for share calcs,top_products_crisps_savoury
crisps_savoury,nuts-1,KP,KP snacking nuts (owner KP Snacks),99.4,,+1.9% (£+1.9m),52 weeks to 6 Sep 2025,total grocery,The Grocer Top Products Survey 2025 (NIQ) - Top 10 Snacking nuts,https://www.thegrocer.co.uk/rankings/bagged-snacks-2025-own-label-price-hikes-boost-brands/713034.article,KP nuts; category leader; sold 160k fewer kg,top10_snacking_nuts
crisps_savoury,nuts-2,Sensations,Sensations snacking nuts (owner PepsiCo),14.6,,+25.6% (£+3.0m),52 weeks to 6 Sep 2025,total grocery,The Grocer Top Products Survey 2025 (NIQ) - Top 10 Snacking nuts,https://www.thegrocer.co.uk/rankings/bagged-snacks-2025-own-label-price-hikes-boost-brands/713034.article,Sensations nuts,top10_snacking_nuts
crisps_savoury,nuts-3,Go Nuts,Go Nuts snacking nuts (owner AIB Foods),4.7,,-3.1% (£-0.2m),52 weeks to 6 Sep 2025,total grocery,The Grocer Top Products Survey 2025 (NIQ) - Top 10 Snacking nuts,https://www.thegrocer.co.uk/rankings/bagged-snacks-2025-own-label-price-hikes-boost-brands/713034.article,,top10_snacking_nuts
crisps_savoury,nuts-6,Forest Feast,Forest Feast snacking nuts (owner Kestrel Foods),3.6,,+75.3% (£+1.6m),52 weeks to 6 Sep 2025,total grocery,The Grocer Top Products Survey 2025 (NIQ) - Top 10 Snacking nuts,https://www.thegrocer.co.uk/rankings/bagged-snacks-2025-own-label-price-hikes-boost-brands/713034.article,BREAKOUT challenger; volume +78.9%,top10_snacking_nuts
crisps_savoury,nuts-8,Walkers Max,Walkers Max snacking nuts (owner PepsiCo),3.3,,+11.5% (£+0.3m),52 weeks to 6 Sep 2025,total grocery,The Grocer Top Products Survey 2025 (NIQ) - Top 10 Snacking nuts,https://www.thegrocer.co.uk/rankings/bagged-snacks-2025-own-label-price-hikes-boost-brands/713034.article,Walkers Max nuts,top10_snacking_nuts
crisps_savoury,nuts-OL,Own label,Own-label snacking nuts,391.1,category volume -3.3%,+0.2% (£+0.6m),52 weeks to 6 Sep 2025,total grocery,The Grocer Top Products Survey 2025 (NIQ) - Top 10 Snacking nuts,https://www.thegrocer.co.uk/rankings/bagged-snacks-2025-own-label-price-hikes-boost-brands/713034.article,Own-label = 68.4% of £571.8m snacking nuts,top10_snacking_nuts
crisps_savoury,BBB,Walkers,Walkers (brand total),1413.2,,-3.0%,year to 31 Dec 2025,total grocery,The Grocer Britain's Biggest Brands 2026 (NIQ),https://www.thegrocer.co.uk/rankings/britains-biggest-brands-2026-the-top-100/716575.article,"rank 3 of all UK grocery brands; MASTERBRAND incl. Wotsits, Quavers, Monster Munch, Sensations, Baked, Max, Squares etc. - do not add to sub-brand rows; -66.4m packs",bbb2026_brand_umbrella
crisps_savoury,BBB,Pringles,Pringles (brand total),339.9,,-7.1%,year to 31 Dec 2025,total grocery,The Grocer Britain's Biggest Brands 2026 (NIQ),https://www.thegrocer.co.uk/rankings/britains-biggest-brands-2026-the-top-100/716575.article,rank 28; units -10.4%,bbb2026_brand_umbrella
crisps_savoury,BBB,Doritos,Doritos (brand total),295.6,,+2.9%,year to 31 Dec 2025,total grocery,The Grocer Britain's Biggest Brands 2026 (NIQ),https://www.thegrocer.co.uk/rankings/britains-biggest-brands-2026-the-top-100/716575.article,rank 35; likely incl. dips,bbb2026_brand_umbrella
crisps_savoury,BBB,Jacob's,Jacob's (brand total),245.7,,+3.5%,year to 31 Dec 2025,total grocery,The Grocer Britain's Biggest Brands 2026 (NIQ),https://www.thegrocer.co.uk/rankings/britains-biggest-brands-2026-the-top-100/716575.article,rank 40; total brand incl. crackers/biscuits - not only snacks,bbb2026_brand_umbrella
crisps_savoury,BBB,Hula Hoops,Hula Hoops (brand total),227.0,,+5.3%,year to 31 Dec 2025,total grocery,The Grocer Britain's Biggest Brands 2026 (NIQ),https://www.thegrocer.co.uk/rankings/britains-biggest-brands-2026-the-top-100/716575.article,rank 49; units +2.6%,bbb2026_brand_umbrella
crisps_savoury,BBB,McCoy's,McCoy's (brand total),199.2,,+5.0%,year to 31 Dec 2025,total grocery,The Grocer Britain's Biggest Brands 2026 (NIQ),https://www.thegrocer.co.uk/rankings/britains-biggest-brands-2026-the-top-100/716575.article,rank 54,bbb2026_brand_umbrella
crisps_savoury,BBB,Peperami,Peperami (brand total),146.9,,+7.9%,year to 31 Dec 2025,total grocery,The Grocer Britain's Biggest Brands 2026 (NIQ),https://www.thegrocer.co.uk/rankings/britains-biggest-brands-2026-the-top-100/716575.article,rank 79; meat snack (adjacent),bbb2026_brand_umbrella
crisps_savoury,BBB,Fridge Raiders,Fridge Raiders (brand total),131.1,,+5.0%,year to 31 Dec 2025,total grocery,The Grocer Britain's Biggest Brands 2026 (NIQ),https://www.thegrocer.co.uk/rankings/britains-biggest-brands-2026-the-top-100/716575.article,rank 96; meat snack (adjacent),bbb2026_brand_umbrella
crisps_savoury,share,Walkers (masterbrand),Walkers masterbrand share of Total Savoury Snacks,,17.1% volume share,,52 weeks to 27 Sep 2025,total grocery,Walkers / PepsiCo claim (NIQ),https://www.walkers.co.uk/mostloved,21.9% value share - manufacturer claim,other_crisps_savoury
crisps_savoury,conv-1,Hula Hoops,KP Big Hoops BBQ Beef 70g £1.25 PMP,,£161.41/store/wk (rate of sale value),,12 weeks to ~Feb 2024,convenience,"Better Retailing / Retail Data Partnership EPoS (2,985 indie stores)",https://www.betterretailing.com/br/insights/data-insight-crisps-snacks-top-sellers-and-profit-earners/,SKU-level; top 10 all PMPs; 9 of top 10 are Walkers or KP; rank 10 = overall unit rank,convenience_epos
crisps_savoury,conv-2,Walkers,Walkers Cheese & Onion 70g £1.25 PMP,,£128.28/store/wk (rate of sale value),,12 weeks to ~Feb 2024,convenience,"Better Retailing / Retail Data Partnership EPoS (2,985 indie stores)",https://www.betterretailing.com/br/insights/data-insight-crisps-snacks-top-sellers-and-profit-earners/,SKU-level; top 10 all PMPs; 9 of top 10 are Walkers or KP; rank 10 = overall unit rank,convenience_epos
crisps_savoury,conv-3,Quavers,Walkers Quavers Cheese 54g £1.25 PMP,,£125.27/store/wk (rate of sale value),,12 weeks to ~Feb 2024,convenience,"Better Retailing / Retail Data Partnership EPoS (2,985 indie stores)",https://www.betterretailing.com/br/insights/data-insight-crisps-snacks-top-sellers-and-profit-earners/,SKU-level; top 10 all PMPs; 9 of top 10 are Walkers or KP; rank 10 = overall unit rank,convenience_epos
crisps_savoury,conv-4,McCoy's,McCoy's Grilled Steak 65g £1.25 PMP,,£114.38/store/wk (rate of sale value),,12 weeks to ~Feb 2024,convenience,"Better Retailing / Retail Data Partnership EPoS (2,985 indie stores)",https://www.betterretailing.com/br/insights/data-insight-crisps-snacks-top-sellers-and-profit-earners/,SKU-level; top 10 all PMPs; 9 of top 10 are Walkers or KP; rank 10 = overall unit rank,convenience_epos
crisps_savoury,conv-5,Doritos,Doritos Chilli Heatwave 70g £1.25 PMP,,£112.67/store/wk (rate of sale value),,12 weeks to ~Feb 2024,convenience,"Better Retailing / Retail Data Partnership EPoS (2,985 indie stores)",https://www.betterretailing.com/br/insights/data-insight-crisps-snacks-top-sellers-and-profit-earners/,SKU-level; top 10 all PMPs; 9 of top 10 are Walkers or KP; rank 10 = overall unit rank,convenience_epos
crisps_savoury,conv-10,Pringles,Pringles Sour Cream & Onion 165g £2.75 PMP,,£90.90/store/wk (rate of sale value),,12 weeks to ~Feb 2024,convenience,"Better Retailing / Retail Data Partnership EPoS (2,985 indie stores)",https://www.betterretailing.com/br/insights/data-insight-crisps-snacks-top-sellers-and-profit-earners/,SKU-level; top 10 all PMPs; 9 of top 10 are Walkers or KP; rank 10 = overall unit rank,convenience_epos
crisps_savoury,conv25-1,Hula Hoops,Hula Hoops Big Hoops BBQ Beef 70g,,£5.16 avg weekly profit/store; >10 units/store/wk,,"What to Stock data, published 10 Jul 2025",convenience,Better Retailing What to Stock,https://www.betterretailing.com/br/advice/bestselling-snacks-crisps-convenience-stores/,SKU ranked by national sales value in convenience; profit shown not sales,convenience_2025
crisps_savoury,conv25-2,Quavers,Walkers Quavers Cheese 54g,,£2.85 profit/store/wk,,"What to Stock data, published 10 Jul 2025",convenience,Better Retailing What to Stock,https://www.betterretailing.com/br/advice/bestselling-snacks-crisps-convenience-stores/,SKU ranked by national sales value in convenience; profit shown not sales,convenience_2025
crisps_savoury,conv25-3,Doritos,Doritos Chilli Heatwave 70g,,£2.91 profit/store/wk,,"What to Stock data, published 10 Jul 2025",convenience,Better Retailing What to Stock,https://www.betterretailing.com/br/advice/bestselling-snacks-crisps-convenience-stores/,SKU ranked by national sales value in convenience; profit shown not sales,convenience_2025
crisps_savoury,conv25-4,Walkers,Walkers Cheese & Onion 70g,,£2.58 profit/store/wk,,"What to Stock data, published 10 Jul 2025",convenience,Better Retailing What to Stock,https://www.betterretailing.com/br/advice/bestselling-snacks-crisps-convenience-stores/,SKU ranked by national sales value in convenience; profit shown not sales,convenience_2025
crisps_savoury,conv25-5,Doritos,Doritos Tangy Cheese 70g,,£2.64 profit/store/wk,,"What to Stock data, published 10 Jul 2025",convenience,Better Retailing What to Stock,https://www.betterretailing.com/br/advice/bestselling-snacks-crisps-convenience-stores/,SKU ranked by national sales value in convenience; profit shown not sales,convenience_2025
crisps_savoury,meal-deal,Tesco (own label),Tesco Egg Protein Pot,,#1 meal deal snack 2024 and 2025,,2024-2025,meal deal,Tesco Clubcard Unpacked via The Manc / Tesco PLC,https://themanc.com/trending/tesco-reveals-what-the-uks-most-popular-meal-deal-was-in-2025/,Eggs displaced crisps as most-bought meal deal side,other_crisps_savoury
crisps_savoury,meal-deal-prev,McCoy's,McCoy's Flame Grilled Steak Grab Bag,,#1 meal deal snack 2022 and 2023,,2022-2023,meal deal,Grocery Gazette (Tesco data),https://www.grocerygazette.co.uk/2025/01/06/tesco-meal-deal-combo/,previous top meal-deal snack before egg pot,other_crisps_savoury
crisps_savoury,challenger,Proper (Proper Snacks/Eat Real),Proper crisps/popcorn + Eat Real (company turnover),70.7,,vs £46.4m first year post-2021 merger,FY to 29 Dec 2024,total (company turnover),The Grocer (Companies House accounts),https://www.thegrocer.co.uk/news/proper-snacks-sales-back-on-track-with-new-factory/709826.article,"Company turnover NOT retail sales value; health-led challenger, loss-making (£34.9m loss)",other_crisps_savoury
snack_bars,1,Nature Valley,Nature Valley cereal bars (owner General Mills),75.0,,+3.3% (£+2.4m),52 weeks to 6 Sep 2025,total grocery,The Grocer Top Products Survey 2025 (NIQ) - Top 10 Cereal bars,https://www.thegrocer.co.uk/rankings/biscuits-and-cakes-2025-sweet-treats-tap-global-flavours/713041.article,,top_products_snack_bars
snack_bars,2,Kellogg's Rice Krispies,Kellogg's Rice Krispies cereal bars (owner Kellanova),62.2,,+13.1% (£+7.2m),52 weeks to 6 Sep 2025,total grocery,The Grocer Top Products Survey 2025 (NIQ) - Top 10 Cereal bars,https://www.thegrocer.co.uk/rankings/biscuits-and-cakes-2025-sweet-treats-tap-global-flavours/713041.article,Rice Krispies Squares; top cereal bars in convenience,top_products_snack_bars
snack_bars,3,Cadbury Brunch,Cadbury Brunch cereal bars (owner Mondelez),45.2,,-3.5% (£-1.6m),52 weeks to 6 Sep 2025,total grocery,The Grocer Top Products Survey 2025 (NIQ) - Top 10 Cereal bars,https://www.thegrocer.co.uk/rankings/biscuits-and-cakes-2025-sweet-treats-tap-global-flavours/713041.article,,top_products_snack_bars
snack_bars,4,Trek,Trek cereal bars (owner Lotus Bakeries),41.8,,+28.1% (£+9.2m),52 weeks to 6 Sep 2025,total grocery,The Grocer Top Products Survey 2025 (NIQ) - Top 10 Cereal bars,https://www.thegrocer.co.uk/rankings/biscuits-and-cakes-2025-sweet-treats-tap-global-flavours/713041.article,"BREAKOUT: protein flapjack, Biscoff Protein Flapjack NPD",top_products_snack_bars
snack_bars,5,Nakd,Nakd cereal bars (owner Lotus Bakeries),39.6,,+10.1% (£+3.6m),52 weeks to 6 Sep 2025,total grocery,The Grocer Top Products Survey 2025 (NIQ) - Top 10 Cereal bars,https://www.thegrocer.co.uk/rankings/biscuits-and-cakes-2025-sweet-treats-tap-global-flavours/713041.article,fruit & nut bars,top_products_snack_bars
snack_bars,6,Kind,Kind cereal bars (owner Kind (Mars)),36.7,,+19.4% (£+6.0m),52 weeks to 6 Sep 2025,total grocery,The Grocer Top Products Survey 2025 (NIQ) - Top 10 Cereal bars,https://www.thegrocer.co.uk/rankings/biscuits-and-cakes-2025-sweet-treats-tap-global-flavours/713041.article,nut bars,top_products_snack_bars
snack_bars,7,Eat Natural,Eat Natural cereal bars (owner Eat Natural),34.9,,+3.4% (£+1.1m),52 weeks to 6 Sep 2025,total grocery,The Grocer Top Products Survey 2025 (NIQ) - Top 10 Cereal bars,https://www.thegrocer.co.uk/rankings/biscuits-and-cakes-2025-sweet-treats-tap-global-flavours/713041.article,,top_products_snack_bars
snack_bars,8,Bear,Bear cereal bars (owner Lotus Bakeries),29.6,,-4.3% (£-1.3m),52 weeks to 6 Sep 2025,total grocery,The Grocer Top Products Survey 2025 (NIQ) - Top 10 Cereal bars,https://www.thegrocer.co.uk/rankings/biscuits-and-cakes-2025-sweet-treats-tap-global-flavours/713041.article,kids fruit snacks,top_products_snack_bars
snack_bars,9,Graze,Graze cereal bars (owner Unilever),28.2,,+0.0% (£+0.6m),52 weeks to 6 Sep 2025,total grocery,The Grocer Top Products Survey 2025 (NIQ) - Top 10 Cereal bars,https://www.thegrocer.co.uk/rankings/biscuits-and-cakes-2025-sweet-treats-tap-global-flavours/713041.article,table shows 0.0% despite +£0.6m (rounding as published),top_products_snack_bars
snack_bars,10,Deliciously Ella,Deliciously Ella cereal bars (owner Deliciously Ella),17.9,,+31.3% (£+4.3m),52 weeks to 6 Sep 2025,total grocery,The Grocer Top Products Survey 2025 (NIQ) - Top 10 Cereal bars,https://www.thegrocer.co.uk/rankings/biscuits-and-cakes-2025-sweet-treats-tap-global-flavours/713041.article,BREAKOUT: fastest % grower in top 10,top_products_snack_bars
snack_bars,OL,Own label,Own-label cereal bars,100.2,category volume +3.4%,0.0% (£0.0m),52 weeks to 6 Sep 2025,total grocery,The Grocer Top Products Survey 2025 (NIQ) - Top 10 Cereal bars,https://www.thegrocer.co.uk/rankings/biscuits-and-cakes-2025-sweet-treats-tap-global-flavours/713041.article,"Own-label = 15.1% of £662.1m cereal bars; weight-mgmt bars -£5.1m, oat/granola/flapjack +£17.3m, fruit & nut +£9.9m (Lotus)",top_products_snack_bars
snack_bars,TOTAL,Category total,Cereal bars total,662.1,volume +3.4%,+5.6% (£+35.1m),52 weeks to 6 Sep 2025,total grocery,The Grocer Top Products Survey 2025 (NIQ) - Top 10 Cereal bars,https://www.thegrocer.co.uk/rankings/biscuits-and-cakes-2025-sweet-treats-tap-global-flavours/713041.article,excludes protein bars (in sports nutrition),top_products_snack_bars
snack_bars,sportsnut-1,Grenade,Grenade sports nutrition (owner Mondelez),82.6,,-16.2% (£-15.9m),52 weeks to 6 Sep 2025,total grocery,The Grocer Top Products Survey 2025 (NIQ) - Top 20 Sports nutrition,https://www.thegrocer.co.uk/rankings/sports-nutrition-2025-protein-bars-surge-despite-upf-debate/712930.article,"protein bar leader; units -13.1%; mostly bars; brand total across sports nutrition formats, not bars-only",top20_sports_nutrition
snack_bars,sportsnut-2,Huel,Huel sports nutrition (owner Huel),82.3,,+60.9% (£+31.1m),52 weeks to 6 Sep 2025,total grocery,The Grocer Top Products Survey 2025 (NIQ) - Top 20 Sports nutrition,https://www.thegrocer.co.uk/rankings/sports-nutrition-2025-protein-bars-surge-despite-upf-debate/712930.article,"BREAKOUT; mainly RTD meal drinks/powder, some bars; units +56.7%; brand total across sports nutrition formats, not bars-only",top20_sports_nutrition
snack_bars,sportsnut-3,Optimum Nutrition,Optimum Nutrition sports nutrition (owner Glanbia),60.4,,+23.9% (£+11.7m),52 weeks to 6 Sep 2025,total grocery,The Grocer Top Products Survey 2025 (NIQ) - Top 20 Sports nutrition,https://www.thegrocer.co.uk/rankings/sports-nutrition-2025-protein-bars-surge-despite-upf-debate/712930.article,"mainly powder; some bars; brand total across sports nutrition formats, not bars-only",top20_sports_nutrition
snack_bars,sportsnut-4,Fulfil,Fulfil sports nutrition (owner Ferrero),26.2,,-1.6% (£-0.4m),52 weeks to 6 Sep 2025,total grocery,The Grocer Top Products Survey 2025 (NIQ) - Top 20 Sports nutrition,https://www.thegrocer.co.uk/rankings/sports-nutrition-2025-protein-bars-surge-despite-upf-debate/712930.article,"vitamin & protein bars; brand total across sports nutrition formats, not bars-only",top20_sports_nutrition
snack_bars,sportsnut-5,Warrior,Warrior sports nutrition (owner KBF Enterprises),22.7,,+15.8% (£+3.1m),52 weeks to 6 Sep 2025,total grocery,The Grocer Top Products Survey 2025 (NIQ) - Top 20 Sports nutrition,https://www.thegrocer.co.uk/rankings/sports-nutrition-2025-protein-bars-surge-despite-upf-debate/712930.article,"value protein bars (£1.25 flapjack, £2 crunch); units +4.4%; brand total across sports nutrition formats, not bars-only",top20_sports_nutrition
snack_bars,sportsnut-6,PHD,PHD sports nutrition (owner Science In Sport),14.7,,-14.7% (£-2.5m),52 weeks to 6 Sep 2025,total grocery,The Grocer Top Products Survey 2025 (NIQ) - Top 20 Sports nutrition,https://www.thegrocer.co.uk/rankings/sports-nutrition-2025-protein-bars-surge-despite-upf-debate/712930.article,"Smart Bar; brand total across sports nutrition formats, not bars-only",top20_sports_nutrition
snack_bars,sportsnut-7,Myprotein,Myprotein sports nutrition (owner THG Nutrition),13.3,,+75.7% (£+5.8m),52 weeks to 6 Sep 2025,total grocery,The Grocer Top Products Survey 2025 (NIQ) - Top 20 Sports nutrition,https://www.thegrocer.co.uk/rankings/sports-nutrition-2025-protein-bars-surge-despite-upf-debate/712930.article,"mix of bars/powders; brand total across sports nutrition formats, not bars-only",top20_sports_nutrition
snack_bars,sportsnut-8,High5,High5 sports nutrition (owner AB Sports Nutrition),13.1,,+77.7% (£+5.7m),52 weeks to 6 Sep 2025,total grocery,The Grocer Top Products Survey 2025 (NIQ) - Top 20 Sports nutrition,https://www.thegrocer.co.uk/rankings/sports-nutrition-2025-protein-bars-surge-despite-upf-debate/712930.article,"mostly gels/tabs - not bars; brand total across sports nutrition formats, not bars-only",top20_sports_nutrition
snack_bars,sportsnut-9,SiS,SiS sports nutrition (owner Science In Sport),12.1,,+34.9% (£+3.1m),52 weeks to 6 Sep 2025,total grocery,The Grocer Top Products Survey 2025 (NIQ) - Top 20 Sports nutrition,https://www.thegrocer.co.uk/rankings/sports-nutrition-2025-protein-bars-surge-despite-upf-debate/712930.article,"mostly gels - not bars; brand total across sports nutrition formats, not bars-only",top20_sports_nutrition
snack_bars,sportsnut-12,USN,USN sports nutrition (owner USN UK),9.0,,-12.4% (£-1.3m),52 weeks to 6 Sep 2025,total grocery,The Grocer Top Products Survey 2025 (NIQ) - Top 20 Sports nutrition,https://www.thegrocer.co.uk/rankings/sports-nutrition-2025-protein-bars-surge-despite-upf-debate/712930.article,"Trust cookie bars; brand total across sports nutrition formats, not bars-only",top20_sports_nutrition
snack_bars,sportsnut-13,Barebells,Barebells sports nutrition (owner Vitamin Well),8.4,,+54.9% (£+3.0m),52 weeks to 6 Sep 2025,total grocery,The Grocer Top Products Survey 2025 (NIQ) - Top 20 Sports nutrition,https://www.thegrocer.co.uk/rankings/sports-nutrition-2025-protein-bars-surge-despite-upf-debate/712930.article,"BREAKOUT pure protein-bar challenger; brand total across sports nutrition formats, not bars-only",top20_sports_nutrition
snack_bars,sportsnut-OL,Own label,Own-label sports nutrition,19.8,category units +5.2%,-11.4% (£-2.5m),52 weeks to 6 Sep 2025,total grocery,The Grocer Top Products Survey 2025 (NIQ) - Top 20 Sports nutrition,https://www.thegrocer.co.uk/rankings/sports-nutrition-2025-protein-bars-surge-despite-upf-debate/712930.article,Own-label only 4.2% of £467.4m sports nutrition (category +16.0%),top20_sports_nutrition
snack_bars,protein-cat,Category total,UK protein bar category,144,,+26%,c.2024,total grocery,The Grocer promo video (Grenade-sponsored),https://www.thegrocer.co.uk/promotional-videos/healthier-snacking-the-latest-trends-in-protein-consumption/691123.article,sponsored content; use as order-of-magnitude only,other_snack_bars
snack_bars,conv25-1,Kellogg's Rice Krispies,Kellogg's Rice Krispies Squares Marshmallow 28g,,72p profit/store/wk,,"What to Stock data, published 10 Jul 2025",convenience,Better Retailing What to Stock,https://www.betterretailing.com/br/advice/bestselling-snacks-crisps-convenience-stores/,SKU ranked by sales value in convenience; Kellogg's dominates convenience cereal bars,convenience_2025
snack_bars,conv25-2,Kellogg's Rice Krispies,Kellogg's Rice Krispies Squares Chocolatey 36g,,73p,,"What to Stock data, published 10 Jul 2025",convenience,Better Retailing What to Stock,https://www.betterretailing.com/br/advice/bestselling-snacks-crisps-convenience-stores/,SKU ranked by sales value in convenience; Kellogg's dominates convenience cereal bars,convenience_2025
snack_bars,conv25-3,Kellogg's Rice Krispies,Kellogg's Rice Krispies Squares Caramel & Chocolate 36g,,68p,,"What to Stock data, published 10 Jul 2025",convenience,Better Retailing What to Stock,https://www.betterretailing.com/br/advice/bestselling-snacks-crisps-convenience-stores/,SKU ranked by sales value in convenience; Kellogg's dominates convenience cereal bars,convenience_2025
snack_bars,conv25-4,Kellogg's Rice Krispies,Rice Krispies Squares Chocolatey 36g 4pk,,67p,,"What to Stock data, published 10 Jul 2025",convenience,Better Retailing What to Stock,https://www.betterretailing.com/br/advice/bestselling-snacks-crisps-convenience-stores/,SKU ranked by sales value in convenience; Kellogg's dominates convenience cereal bars,convenience_2025
snack_bars,conv25-5,Kellogg's Rice Krispies,Rice Krispies Squares Marshmallow 28g 4pk,,62p,,"What to Stock data, published 10 Jul 2025",convenience,Better Retailing What to Stock,https://www.betterretailing.com/br/advice/bestselling-snacks-crisps-convenience-stores/,SKU ranked by sales value in convenience; Kellogg's dominates convenience cereal bars,convenience_2025
snack_bars,conv25-6,Kellogg's Nutri-Grain,Nutri-Grain Strawberry 37g,,75p (on promo),,"What to Stock data, published 10 Jul 2025",convenience,Better Retailing What to Stock,https://www.betterretailing.com/br/advice/bestselling-snacks-crisps-convenience-stores/,SKU ranked by sales value in convenience; Kellogg's dominates convenience cereal bars,convenience_2025
yoghurt,TOTAL,Total category,Total category,2397.7,category volume 6.6% YoY,10.3% (£224.6m),52 w/e 6 Sep 2025,total grocery,The Grocer Top Products 2025 (NIQ),https://www.thegrocer.co.uk/rankings/dairy-yoghurt-2025-brits-turn-to-natural-full-fat-yoghurts/713032.article,Category total value,top_products_yoghurt
yoghurt,OL,Own label (all retailers),Total own label,880.5,,13.9% (£107.8m),52 w/e 6 Sep 2025,total grocery,The Grocer Top Products 2025 (NIQ),https://www.thegrocer.co.uk/rankings/dairy-yoghurt-2025-brits-turn-to-natural-full-fat-yoghurts/713032.article,Own-label total across retailers; own-label value share = 36.7%,top_products_yoghurt
yoghurt,2025,, (owner: ),,,% (£m),52 w/e 6 Sep 2025,total grocery,The Grocer Top Products 2025 (NIQ),https://www.thegrocer.co.uk/rankings/dairy-yoghurt-2025-brits-turn-to-natural-full-fat-yoghurts/713032.article,Top 20 brands table (Datawrapper XRvzg); prev-year rank 2024,top_products_yoghurt
yoghurt,1,Müller Corner,Müller Corner (owner: Müller),186.7,,-0.2% (£-0.4m),52 w/e 6 Sep 2025,total grocery,The Grocer Top Products 2025 (NIQ),https://www.thegrocer.co.uk/rankings/dairy-yoghurt-2025-brits-turn-to-natural-full-fat-yoghurts/713032.article,Top 20 brands table (Datawrapper XRvzg); prev-year rank 1,top_products_yoghurt
yoghurt,2,Activia,Activia (owner: Danone),181.2,,-0.3% (£-0.6m),52 w/e 6 Sep 2025,total grocery,The Grocer Top Products 2025 (NIQ),https://www.thegrocer.co.uk/rankings/dairy-yoghurt-2025-brits-turn-to-natural-full-fat-yoghurts/713032.article,Top 20 brands table (Datawrapper XRvzg); prev-year rank 2,top_products_yoghurt
yoghurt,3,Yeo Valley,Yeo Valley (owner: Yeo Valley),162.6,,9.3% (£13.8m),52 w/e 6 Sep 2025,total grocery,The Grocer Top Products 2025 (NIQ),https://www.thegrocer.co.uk/rankings/dairy-yoghurt-2025-brits-turn-to-natural-full-fat-yoghurts/713032.article,Top 20 brands table (Datawrapper XRvzg); prev-year rank 3,top_products_yoghurt
yoghurt,4,Fage,Fage (owner: Fage),162.3,,49.8% (£53.9m),52 w/e 6 Sep 2025,total grocery,The Grocer Top Products 2025 (NIQ),https://www.thegrocer.co.uk/rankings/dairy-yoghurt-2025-brits-turn-to-natural-full-fat-yoghurts/713032.article,Top 20 brands table (Datawrapper XRvzg); prev-year rank 4,top_products_yoghurt
yoghurt,5,Arla,Arla (owner: Arla Foods),85.2,,11.0% (£8.5m),52 w/e 6 Sep 2025,total grocery,The Grocer Top Products 2025 (NIQ),https://www.thegrocer.co.uk/rankings/dairy-yoghurt-2025-brits-turn-to-natural-full-fat-yoghurts/713032.article,Top 20 brands table (Datawrapper XRvzg); prev-year rank 5,top_products_yoghurt
yoghurt,6,Müller Light,Müller Light (owner: Muller),71.7,,-6.1% (£-4.7m),52 w/e 6 Sep 2025,total grocery,The Grocer Top Products 2025 (NIQ),https://www.thegrocer.co.uk/rankings/dairy-yoghurt-2025-brits-turn-to-natural-full-fat-yoghurts/713032.article,Top 20 brands table (Datawrapper XRvzg); prev-year rank 6,top_products_yoghurt
yoghurt,7,Alpro,Alpro (owner: Alpro),63.5,,11.1% (£6.4m),52 w/e 6 Sep 2025,total grocery,The Grocer Top Products 2025 (NIQ),https://www.thegrocer.co.uk/rankings/dairy-yoghurt-2025-brits-turn-to-natural-full-fat-yoghurts/713032.article,Top 20 brands table (Datawrapper XRvzg); prev-year rank 8,top_products_yoghurt
yoghurt,8,Onken,Onken (owner: Emmi),60.2,,4.8% (£2.8m),52 w/e 6 Sep 2025,total grocery,The Grocer Top Products 2025 (NIQ),https://www.thegrocer.co.uk/rankings/dairy-yoghurt-2025-brits-turn-to-natural-full-fat-yoghurts/713032.article,Top 20 brands table (Datawrapper XRvzg); prev-year rank 7,top_products_yoghurt
yoghurt,9,Oykos,Oykos (owner: Danone),45.2,,-5.3% (£-2.5m),52 w/e 6 Sep 2025,total grocery,The Grocer Top Products 2025 (NIQ),https://www.thegrocer.co.uk/rankings/dairy-yoghurt-2025-brits-turn-to-natural-full-fat-yoghurts/713032.article,Top 20 brands table (Datawrapper XRvzg); prev-year rank 9,top_products_yoghurt
yoghurt,10,Petits Filous,Petits Filous (owner: Yoplait),39.5,,-2.9% (£-1.2m),52 w/e 6 Sep 2025,total grocery,The Grocer Top Products 2025 (NIQ),https://www.thegrocer.co.uk/rankings/dairy-yoghurt-2025-brits-turn-to-natural-full-fat-yoghurts/713032.article,Top 20 brands table (Datawrapper XRvzg); prev-year rank 10,top_products_yoghurt
yoghurt,11,Yoplait Wildlife,Yoplait Wildlife (owner: Yoplait),36.8,,0.9% (£0.3m),52 w/e 6 Sep 2025,total grocery,The Grocer Top Products 2025 (NIQ),https://www.thegrocer.co.uk/rankings/dairy-yoghurt-2025-brits-turn-to-natural-full-fat-yoghurts/713032.article,Top 20 brands table (Datawrapper XRvzg); prev-year rank 11,top_products_yoghurt
yoghurt,12,The Collective,The Collective (owner: Yeo Valley),36.4,,3.0% (£1.1m),52 w/e 6 Sep 2025,total grocery,The Grocer Top Products 2025 (NIQ),https://www.thegrocer.co.uk/rankings/dairy-yoghurt-2025-brits-turn-to-natural-full-fat-yoghurts/713032.article,Top 20 brands table (Datawrapper XRvzg); prev-year rank 12,top_products_yoghurt
yoghurt,13,Nomadic,Nomadic (owner: Nomadic),34.2,,18.3% (£5.3m),52 w/e 6 Sep 2025,total grocery,The Grocer Top Products 2025 (NIQ),https://www.thegrocer.co.uk/rankings/dairy-yoghurt-2025-brits-turn-to-natural-full-fat-yoghurts/713032.article,Top 20 brands table (Datawrapper XRvzg); prev-year rank 14,top_products_yoghurt
yoghurt,14,Lindahls,Lindahls (owner: Nestlé),31.5,,-1.0% (£-0.3m),52 w/e 6 Sep 2025,total grocery,The Grocer Top Products 2025 (NIQ),https://www.thegrocer.co.uk/rankings/dairy-yoghurt-2025-brits-turn-to-natural-full-fat-yoghurts/713032.article,Top 20 brands table (Datawrapper XRvzg); prev-year rank 13,top_products_yoghurt
yoghurt,15,Graham's,Graham's (owner: Graham's Family Dairy),27.1,,14.5% (£3.4m),52 w/e 6 Sep 2025,total grocery,The Grocer Top Products 2025 (NIQ),https://www.thegrocer.co.uk/rankings/dairy-yoghurt-2025-brits-turn-to-natural-full-fat-yoghurts/713032.article,Top 20 brands table (Datawrapper XRvzg); prev-year rank 17,top_products_yoghurt
yoghurt,16,Munch Bunch,Munch Bunch (owner: Nestlé),25.1,,1.4% (£0.3m),52 w/e 6 Sep 2025,total grocery,The Grocer Top Products 2025 (NIQ),https://www.thegrocer.co.uk/rankings/dairy-yoghurt-2025-brits-turn-to-natural-full-fat-yoghurts/713032.article,Top 20 brands table (Datawrapper XRvzg); prev-year rank 16,top_products_yoghurt
yoghurt,17,Lancashire Farm,Lancashire Farm (owner: Lancashire Farm),23.8,,6.5% (£1.5m),52 w/e 6 Sep 2025,total grocery,The Grocer Top Products 2025 (NIQ),https://www.thegrocer.co.uk/rankings/dairy-yoghurt-2025-brits-turn-to-natural-full-fat-yoghurts/713032.article,Top 20 brands table (Datawrapper XRvzg); prev-year rank 19,top_products_yoghurt
yoghurt,18,Frubes,Frubes (owner: Yoplait),23.6,,3.1% (£0.7m),52 w/e 6 Sep 2025,total grocery,The Grocer Top Products 2025 (NIQ),https://www.thegrocer.co.uk/rankings/dairy-yoghurt-2025-brits-turn-to-natural-full-fat-yoghurts/713032.article,Top 20 brands table (Datawrapper XRvzg); prev-year rank 18,top_products_yoghurt
yoghurt,19,Light & Free,Light & Free (owner: Danone),20.9,,-19.5% (£-5.1m),52 w/e 6 Sep 2025,total grocery,The Grocer Top Products 2025 (NIQ),https://www.thegrocer.co.uk/rankings/dairy-yoghurt-2025-brits-turn-to-natural-full-fat-yoghurts/713032.article,Top 20 brands table (Datawrapper XRvzg); prev-year rank 15,top_products_yoghurt
yoghurt,20,The Coconut Collab,The Coconut Collab (owner: The Coconut Collab),15.6,,14.2% (£1.9m),52 w/e 6 Sep 2025,total grocery,The Grocer Top Products 2025 (NIQ),https://www.thegrocer.co.uk/rankings/dairy-yoghurt-2025-brits-turn-to-natural-full-fat-yoghurts/713032.article,Top 20 brands table (Datawrapper XRvzg); prev-year rank 20,top_products_yoghurt
breakfast_cereal,TOTAL,Total category,Total category,1754.0,category volume -1.5% YoY,-0.2% (£-4.1m),52 w/e 6 Sep 2025,total grocery,The Grocer Top Products 2025 (NIQ),https://www.thegrocer.co.uk/rankings/cereal-2025-rival-brekkie-options-steal-cereals-share/712954.article,Category total value,top_products_breakfast_cereal
breakfast_cereal,OL,Own label (all retailers),Total own label,577.4,,-0.3% (£-1.8m),52 w/e 6 Sep 2025,total grocery,The Grocer Top Products 2025 (NIQ),https://www.thegrocer.co.uk/rankings/cereal-2025-rival-brekkie-options-steal-cereals-share/712954.article,Own-label total across retailers; own-label value share = 32.9%,top_products_breakfast_cereal
breakfast_cereal,2025,, (owner: ),,,% (£m),52 w/e 6 Sep 2025,total grocery,The Grocer Top Products 2025 (NIQ),https://www.thegrocer.co.uk/rankings/cereal-2025-rival-brekkie-options-steal-cereals-share/712954.article,Top 20 brands table (Datawrapper w0yR2); prev-year rank 2024,top_products_breakfast_cereal
breakfast_cereal,1,Weetabix,Weetabix (owner: Weetabix),173.1,,-1.6% (£-2.8m),52 w/e 6 Sep 2025,total grocery,The Grocer Top Products 2025 (NIQ),https://www.thegrocer.co.uk/rankings/cereal-2025-rival-brekkie-options-steal-cereals-share/712954.article,Top 20 brands table (Datawrapper w0yR2); prev-year rank 1,top_products_breakfast_cereal
breakfast_cereal,2,Quaker,Quaker (owner: PepsiCo),122.5,,-4.1% (£-5.2m),52 w/e 6 Sep 2025,total grocery,The Grocer Top Products 2025 (NIQ),https://www.thegrocer.co.uk/rankings/cereal-2025-rival-brekkie-options-steal-cereals-share/712954.article,Top 20 brands table (Datawrapper w0yR2); prev-year rank 2,top_products_breakfast_cereal
breakfast_cereal,3,Crunchy Nut,Crunchy Nut (owner: Kellanova),102.5,,-4.5% (£-4.8m),52 w/e 6 Sep 2025,total grocery,The Grocer Top Products 2025 (NIQ),https://www.thegrocer.co.uk/rankings/cereal-2025-rival-brekkie-options-steal-cereals-share/712954.article,Top 20 brands table (Datawrapper w0yR2); prev-year rank 3,top_products_breakfast_cereal
breakfast_cereal,4,Corn Flakes,Corn Flakes (owner: Kellanova),54.5,,-4.9% (£-2.8m),52 w/e 6 Sep 2025,total grocery,The Grocer Top Products 2025 (NIQ),https://www.thegrocer.co.uk/rankings/cereal-2025-rival-brekkie-options-steal-cereals-share/712954.article,Top 20 brands table (Datawrapper w0yR2); prev-year rank 4,top_products_breakfast_cereal
breakfast_cereal,5,Coco Pops,Coco Pops (owner: Kellanova),50.8,,1.4% (£0.7m),52 w/e 6 Sep 2025,total grocery,The Grocer Top Products 2025 (NIQ),https://www.thegrocer.co.uk/rankings/cereal-2025-rival-brekkie-options-steal-cereals-share/712954.article,Top 20 brands table (Datawrapper w0yR2); prev-year rank 6,top_products_breakfast_cereal
breakfast_cereal,6,Special K,Special K (owner: Kellanova),49.3,,-2.9% (£-1.5m),52 w/e 6 Sep 2025,total grocery,The Grocer Top Products 2025 (NIQ),https://www.thegrocer.co.uk/rankings/cereal-2025-rival-brekkie-options-steal-cereals-share/712954.article,Top 20 brands table (Datawrapper w0yR2); prev-year rank 5,top_products_breakfast_cereal
breakfast_cereal,7,Cheerios,Cheerios (owner: Cereal Partners),47.2,,4.6% (£2.1m),52 w/e 6 Sep 2025,total grocery,The Grocer Top Products 2025 (NIQ),https://www.thegrocer.co.uk/rankings/cereal-2025-rival-brekkie-options-steal-cereals-share/712954.article,Top 20 brands table (Datawrapper w0yR2); prev-year rank 7,top_products_breakfast_cereal
breakfast_cereal,8,Shreddies,Shreddies (owner: Cereal Partners),39.3,,-3.4% (£-1.4m),52 w/e 6 Sep 2025,total grocery,The Grocer Top Products 2025 (NIQ),https://www.thegrocer.co.uk/rankings/cereal-2025-rival-brekkie-options-steal-cereals-share/712954.article,Top 20 brands table (Datawrapper w0yR2); prev-year rank 9,top_products_breakfast_cereal
breakfast_cereal,9,Rice Krispies,Rice Krispies (owner: Kellanova),39.1,,-4.9% (£-2.0m),52 w/e 6 Sep 2025,total grocery,The Grocer Top Products 2025 (NIQ),https://www.thegrocer.co.uk/rankings/cereal-2025-rival-brekkie-options-steal-cereals-share/712954.article,Top 20 brands table (Datawrapper w0yR2); prev-year rank 8,top_products_breakfast_cereal
breakfast_cereal,10,Krave,Krave (owner: Kellanova),34.3,,1.1% (£0.4m),52 w/e 6 Sep 2025,total grocery,The Grocer Top Products 2025 (NIQ),https://www.thegrocer.co.uk/rankings/cereal-2025-rival-brekkie-options-steal-cereals-share/712954.article,Top 20 brands table (Datawrapper w0yR2); prev-year rank 12,top_products_breakfast_cereal
breakfast_cereal,11,Frosties,Frosties (owner: Kellanova),34.2,,-2.0% (£-0.7m),52 w/e 6 Sep 2025,total grocery,The Grocer Top Products 2025 (NIQ),https://www.thegrocer.co.uk/rankings/cereal-2025-rival-brekkie-options-steal-cereals-share/712954.article,Top 20 brands table (Datawrapper w0yR2); prev-year rank 10,top_products_breakfast_cereal
breakfast_cereal,12,Shredded Wheat,Shredded Wheat (owner: Cereal Partners),33.8,,-1.3% (£-0.4m),52 w/e 6 Sep 2025,total grocery,The Grocer Top Products 2025 (NIQ),https://www.thegrocer.co.uk/rankings/cereal-2025-rival-brekkie-options-steal-cereals-share/712954.article,Top 20 brands table (Datawrapper w0yR2); prev-year rank 11,top_products_breakfast_cereal
breakfast_cereal,13,Fuel 10k,Fuel 10k (owner: Premier Foods),30.1,,27.3% (£6.5m),52 w/e 6 Sep 2025,total grocery,The Grocer Top Products 2025 (NIQ),https://www.thegrocer.co.uk/rankings/cereal-2025-rival-brekkie-options-steal-cereals-share/712954.article,Top 20 brands table (Datawrapper w0yR2); prev-year rank 14,top_products_breakfast_cereal
breakfast_cereal,14,Jordans Crunchy Cereal,Jordans Crunchy Cereal (owner: Jordan & Ryvita),28.4,,15.8% (£3.9m),52 w/e 6 Sep 2025,total grocery,The Grocer Top Products 2025 (NIQ),https://www.thegrocer.co.uk/rankings/cereal-2025-rival-brekkie-options-steal-cereals-share/712954.article,Top 20 brands table (Datawrapper w0yR2); prev-year rank 13,top_products_breakfast_cereal
breakfast_cereal,15,Alpen,Alpen (owner: Weetabix),22.4,,-5.0% (£-1.2m),52 w/e 6 Sep 2025,total grocery,The Grocer Top Products 2025 (NIQ),https://www.thegrocer.co.uk/rankings/cereal-2025-rival-brekkie-options-steal-cereals-share/712954.article,Top 20 brands table (Datawrapper w0yR2); prev-year rank 15,top_products_breakfast_cereal
breakfast_cereal,16,Jordans Country Crisp,Jordans Country Crisp (owner: Jordan & Ryvita),20.5,,-1.1% (£-0.2m),52 w/e 6 Sep 2025,total grocery,The Grocer Top Products 2025 (NIQ),https://www.thegrocer.co.uk/rankings/cereal-2025-rival-brekkie-options-steal-cereals-share/712954.article,Top 20 brands table (Datawrapper w0yR2); prev-year rank 16,top_products_breakfast_cereal
breakfast_cereal,17,Kelloggs Wheats,Kelloggs Wheats (owner: Kellanova),17.8,,-2.4% (£-0.4m),52 w/e 6 Sep 2025,total grocery,The Grocer Top Products 2025 (NIQ),https://www.thegrocer.co.uk/rankings/cereal-2025-rival-brekkie-options-steal-cereals-share/712954.article,Top 20 brands table (Datawrapper w0yR2); prev-year rank 17,top_products_breakfast_cereal
breakfast_cereal,18,Kelloggs Fruit & Fibre,Kelloggs Fruit & Fibre (owner: Kellanova),16.1,,-5.4% (£-0.9m),52 w/e 6 Sep 2025,total grocery,The Grocer Top Products 2025 (NIQ),https://www.thegrocer.co.uk/rankings/cereal-2025-rival-brekkie-options-steal-cereals-share/712954.article,Top 20 brands table (Datawrapper w0yR2); prev-year rank 18,top_products_breakfast_cereal
breakfast_cereal,19,Flahavan's,Flahavan's (owner: Flahavans),15.3,,11.2% (£1.5m),52 w/e 6 Sep 2025,total grocery,The Grocer Top Products 2025 (NIQ),https://www.thegrocer.co.uk/rankings/cereal-2025-rival-brekkie-options-steal-cereals-share/712954.article,Top 20 brands table (Datawrapper w0yR2); prev-year rank 20,top_products_breakfast_cereal
breakfast_cereal,20,Dorset Cereals Muesli,Dorset Cereals Muesli (owner: Dorset Cereals),14.9,,-6.9% (£-1.1m),52 w/e 6 Sep 2025,total grocery,The Grocer Top Products 2025 (NIQ),https://www.thegrocer.co.uk/rankings/cereal-2025-rival-brekkie-options-steal-cereals-share/712954.article,Top 20 brands table (Datawrapper w0yR2); prev-year rank 19,top_products_breakfast_cereal
breakfast_cereal,BBB56,Weetabix,"Weetabix brand umbrella (Original, Crispy Minis, Protein)",193.0,units -7.4%,-3.0% (-£5.9m),NIQ 52 w/e 27 Dec 2025,total grocery,The Grocer Britain's Biggest Brands 2026 (NIQ),https://www.thegrocer.co.uk/rankings/britains-biggest-brands-2026-the-top-100/716575.article,Rank 56 of top-100 UK grocery brands (prev 51),bbb2026_brand_umbrella
breakfast_cereal,BBB65,Quaker,"Quaker umbrella (porridge oats, Oat So Simple)",171.5,volume -3.9%,-1.5%,NIQ 52 w/e 27 Dec 2025,total grocery,The Grocer Britain's Biggest Brands 2026 (NIQ),https://www.thegrocer.co.uk/rankings/britains-biggest-brands-2026-the-top-100/716575.article,Rank 65 (prev 63); Oats & Fruit non-HFSS range launched Sep 2025,bbb2026_brand_umbrella
breakfast_cereal,BBB16,Kellogg's,Kellogg's umbrella (all cereals + cereal bars),563.6,units -3.2%,-0.8% (-£4.6m),NIQ 52 w/e 27 Dec 2025,total grocery,The Grocer Britain's Biggest Brands 2026 (NIQ),https://www.thegrocer.co.uk/rankings/britains-biggest-brands-2026-the-top-100/716575.article,Rank 16; includes bars (Squares units +89%); all 9 biggest Kellogg's cereals sold fewer packs,bbb2026_brand_umbrella
breakfast_cereal,,Weetabix,Weetabix Protein,6.8,,~+100% (value doubled),12 w/e 29 Nov 2025,total grocery,The Grocer Britain's Biggest Brands 2026 (NIQ),https://www.thegrocer.co.uk/rankings/britains-biggest-brands-2026-the-top-100/716575.article,Sub-range; protein is the growth pocket in a declining category,bbb2026_brand_umbrella
breakfast_cereal,,Kellogg's,Kellogg's High Protein Bites (launched May 2025),1.3,,new launch,first 8 months to Dec 2025,total grocery,The Grocer Britain's Biggest Brands 2026 (NIQ),https://www.thegrocer.co.uk/rankings/britains-biggest-brands-2026-the-top-100/716575.article,Benchmark for year-1 NPD sales from a major brand,bbb2026_brand_umbrella
breakfast_cereal,,Quaker,Oat So Simple Protein (sachets & pots),,volume +73.4%,,12 months to ~Sep 2025,total grocery,The Grocer Top Products 2025 (NIQ),https://www.thegrocer.co.uk/rankings/cereal-2025-rival-brekkie-options-steal-cereals-share/712954.article,Brand-reported volume growth; no £ value published,other_breakfast_cereal
yoghurt,BBB17,Müller,"Müller umbrella (Corner, Light, Bliss, Rice, Myprotein tie-ups)",498.4,volume +4%,+9.9% (+£44.8m),NIQ 52 w/e 27 Dec 2025,total grocery,The Grocer Britain's Biggest Brands 2026 (NIQ),https://www.thegrocer.co.uk/rankings/britains-biggest-brands-2026-the-top-100/716575.article,"Rank 17 (prev 20); spans yoghurt, desserts, dairy drinks",bbb2026_brand_umbrella
yoghurt,BBB18,Arla,"Arla umbrella (Cravendale, Lactofree, Arla Protein, Skyr, cottage cheese)",486.2,volume -3.7%,+1.2%,NIQ 52 w/e 27 Dec 2025,total grocery,The Grocer Britain's Biggest Brands 2026 (NIQ),https://www.thegrocer.co.uk/rankings/britains-biggest-brands-2026-the-top-100/716575.article,Mostly milk; yoghurt part ~£85m per Top Products,bbb2026_brand_umbrella
yoghurt,BBB23,Danone,"Danone umbrella (Activia, Oykos, Light & Free, Danone Skyr, Actimel)",425.3,units +1.1%,+0.7%,NIQ 52 w/e 27 Dec 2025,total grocery,The Grocer Britain's Biggest Brands 2026 (NIQ),https://www.thegrocer.co.uk/rankings/britains-biggest-brands-2026-the-top-100/716575.article,Danone Skyr (launched Mar 2025) sold >3m units; includes Actimel,bbb2026_brand_umbrella
yoghurt,BBB45,Yeo Valley,"Yeo Valley umbrella (yoghurt, butter, milk, granola)",239.2,,+9.5%,NIQ 52 w/e 27 Dec 2025,total grocery,The Grocer Britain's Biggest Brands 2026 (NIQ),https://www.thegrocer.co.uk/rankings/britains-biggest-brands-2026-the-top-100/716575.article,"Growth from Kefir, Greek Style, Greek Recipe",bbb2026_brand_umbrella
yoghurt,BBB62,Fage,Fage Total / Fage Fruits strained Greek yoghurt,177.1,+14.5m packs,+44.9% (+£54.9m),NIQ 52 w/e 27 Dec 2025,total grocery,The Grocer Britain's Biggest Brands 2026 (NIQ),https://www.thegrocer.co.uk/rankings/britains-biggest-brands-2026-the-top-100/716575.article,Fastest-growing brand in the entire top 100 (rank 106 -> 62); breakout challenger,bbb2026_brand_umbrella
yoghurt,,Biotiful Gut Health,Biotiful kefir (acquired by Müller Apr 2025),14.7,volume +77.5%,+73%,52 w/e 6 Sep 2025,total grocery,The Grocer Top Products 2025 (NIQ),https://www.thegrocer.co.uk/rankings/dairy-yoghurt-2025-brits-turn-to-natural-full-fat-yoghurts/713032.article,Value within yoghurt only; gut-health breakout challenger,other_yoghurt
yoghurt,,Müller Bliss,Müller Bliss (whipped/indulgent),,volume +48.8%,,52 w/e 6 Sep 2025,total grocery,The Grocer Top Products 2025 (NIQ),https://www.thegrocer.co.uk/rankings/dairy-yoghurt-2025-brits-turn-to-natural-full-fat-yoghurts/713032.article,No £ value published; indulgent growth line inside Müller,other_yoghurt
biscuits_chocolate,TOTAL,Total category,sweet biscuits,2887.7,volume -3.5% YoY,2.6% (£72.8m),NIQ 52w to 6 Sep 2025,total grocery (NIQ),The Grocer Top Products Survey 2025 (NIQ data); datawrapper 3I6A8,https://www.thegrocer.co.uk/rankings/biscuits-and-cakes-2025-sweet-treats-tap-global-flavours/713041.article,category total; own label share 34.5%,top_products_sweet_biscuits
biscuits_chocolate,OL,Own label (all retailers),sweet biscuits,997.7,,3.5% (£34.1m),NIQ 52w to 6 Sep 2025,total grocery (NIQ),The Grocer Top Products Survey 2025 (NIQ data); datawrapper 3I6A8,https://www.thegrocer.co.uk/rankings/biscuits-and-cakes-2025-sweet-treats-tap-global-flavours/713041.article,own label = 34.5% of sweet biscuits value,top_products_sweet_biscuits
biscuits_chocolate,1,McVitie's,sweet biscuits (brand total),553.7,,+1.1% (£5.8m),NIQ 52w to 6 Sep 2025,total grocery (NIQ),The Grocer Top Products Survey 2025 (NIQ data); datawrapper 3I6A8,https://www.thegrocer.co.uk/rankings/biscuits-and-cakes-2025-sweet-treats-tap-global-flavours/713041.article,owner Pladis; prior-year rank 1,top_products_sweet_biscuits
biscuits_chocolate,2,Fox's,sweet biscuits (brand total),345.2,,+5.8% (£19.0m),NIQ 52w to 6 Sep 2025,total grocery (NIQ),The Grocer Top Products Survey 2025 (NIQ data); datawrapper 3I6A8,https://www.thegrocer.co.uk/rankings/biscuits-and-cakes-2025-sweet-treats-tap-global-flavours/713041.article,owner FBC UK; prior-year rank 2,top_products_sweet_biscuits
biscuits_chocolate,3,Kit Kat,sweet biscuits (brand total),125.0,,+7.2% (£8.4m),NIQ 52w to 6 Sep 2025,total grocery (NIQ),The Grocer Top Products Survey 2025 (NIQ data); datawrapper 3I6A8,https://www.thegrocer.co.uk/rankings/biscuits-and-cakes-2025-sweet-treats-tap-global-flavours/713041.article,owner Nestlé; prior-year rank 3,top_products_sweet_biscuits
biscuits_chocolate,4,Cadbury,sweet biscuits (brand total),110.1,,+1.3% (£1.5m),NIQ 52w to 6 Sep 2025,total grocery (NIQ),The Grocer Top Products Survey 2025 (NIQ data); datawrapper 3I6A8,https://www.thegrocer.co.uk/rankings/biscuits-and-cakes-2025-sweet-treats-tap-global-flavours/713041.article,owner Mondelez; prior-year rank 4,top_products_sweet_biscuits
biscuits_chocolate,5,Tunnocks,sweet biscuits (brand total),75.5,,-5.7% (£-4.6m),NIQ 52w to 6 Sep 2025,total grocery (NIQ),The Grocer Top Products Survey 2025 (NIQ data); datawrapper 3I6A8,https://www.thegrocer.co.uk/rankings/biscuits-and-cakes-2025-sweet-treats-tap-global-flavours/713041.article,owner Tunnock; prior-year rank 5,top_products_sweet_biscuits
biscuits_chocolate,6,Oreo,sweet biscuits (brand total),68.8,,+3.2% (£2.1m),NIQ 52w to 6 Sep 2025,total grocery (NIQ),The Grocer Top Products Survey 2025 (NIQ data); datawrapper 3I6A8,https://www.thegrocer.co.uk/rankings/biscuits-and-cakes-2025-sweet-treats-tap-global-flavours/713041.article,owner Mondelez; prior-year rank 7,top_products_sweet_biscuits
biscuits_chocolate,7,Belvita,sweet biscuits (brand total),65.8,,-6.3% (£-4.4m),NIQ 52w to 6 Sep 2025,total grocery (NIQ),The Grocer Top Products Survey 2025 (NIQ data); datawrapper 3I6A8,https://www.thegrocer.co.uk/rankings/biscuits-and-cakes-2025-sweet-treats-tap-global-flavours/713041.article,owner Mondelez; prior-year rank 6,top_products_sweet_biscuits
biscuits_chocolate,8,Ferrero,sweet biscuits (brand total),45.0,,+0.4% (£0.2m),NIQ 52w to 6 Sep 2025,total grocery (NIQ),The Grocer Top Products Survey 2025 (NIQ data); datawrapper 3I6A8,https://www.thegrocer.co.uk/rankings/biscuits-and-cakes-2025-sweet-treats-tap-global-flavours/713041.article,owner Ferrero; prior-year rank 9,top_products_sweet_biscuits
biscuits_chocolate,9,Bahlsen,sweet biscuits (brand total),41.5,,-17.8% (£-9.0m),NIQ 52w to 6 Sep 2025,total grocery (NIQ),The Grocer Top Products Survey 2025 (NIQ data); datawrapper 3I6A8,https://www.thegrocer.co.uk/rankings/biscuits-and-cakes-2025-sweet-treats-tap-global-flavours/713041.article,owner Bahlsen Biscuits; prior-year rank 8,top_products_sweet_biscuits
biscuits_chocolate,10,Go Ahead,sweet biscuits (brand total),39.5,,+9.2% (£3.3m),NIQ 52w to 6 Sep 2025,total grocery (NIQ),The Grocer Top Products Survey 2025 (NIQ data); datawrapper 3I6A8,https://www.thegrocer.co.uk/rankings/biscuits-and-cakes-2025-sweet-treats-tap-global-flavours/713041.article,owner Pladis; prior-year rank 11,top_products_sweet_biscuits
biscuits_chocolate,11,Lotus,sweet biscuits (brand total),35.2,,-4.3% (£-1.6m),NIQ 52w to 6 Sep 2025,total grocery (NIQ),The Grocer Top Products Survey 2025 (NIQ data); datawrapper 3I6A8,https://www.thegrocer.co.uk/rankings/biscuits-and-cakes-2025-sweet-treats-tap-global-flavours/713041.article,owner Lotus Bakeries; prior-year rank 10,top_products_sweet_biscuits
biscuits_chocolate,12,Lu,sweet biscuits (brand total),31.7,,+12.1% (£3.4m),NIQ 52w to 6 Sep 2025,total grocery (NIQ),The Grocer Top Products Survey 2025 (NIQ data); datawrapper 3I6A8,https://www.thegrocer.co.uk/rankings/biscuits-and-cakes-2025-sweet-treats-tap-global-flavours/713041.article,owner Mondelez; prior-year rank 12,top_products_sweet_biscuits
biscuits_chocolate,13,Mars,sweet biscuits (brand total),27.9,,+1.5% (£0.4m),NIQ 52w to 6 Sep 2025,total grocery (NIQ),The Grocer Top Products Survey 2025 (NIQ data); datawrapper 3I6A8,https://www.thegrocer.co.uk/rankings/biscuits-and-cakes-2025-sweet-treats-tap-global-flavours/713041.article,owner Mars; prior-year rank 13,top_products_sweet_biscuits
biscuits_chocolate,14,Border,sweet biscuits (brand total),25.6,,+18.1% (£3.9m),NIQ 52w to 6 Sep 2025,total grocery (NIQ),The Grocer Top Products Survey 2025 (NIQ data); datawrapper 3I6A8,https://www.thegrocer.co.uk/rankings/biscuits-and-cakes-2025-sweet-treats-tap-global-flavours/713041.article,owner Border Biscuits; prior-year rank 15,top_products_sweet_biscuits
biscuits_chocolate,15,Skinny,sweet biscuits (brand total),24.3,,+4.1% (£0.9m),NIQ 52w to 6 Sep 2025,total grocery (NIQ),The Grocer Top Products Survey 2025 (NIQ data); datawrapper 3I6A8,https://www.thegrocer.co.uk/rankings/biscuits-and-cakes-2025-sweet-treats-tap-global-flavours/713041.article,owner Halo Foods; prior-year rank 14,top_products_sweet_biscuits
biscuits_chocolate,16,Blue Riband,sweet biscuits (brand total),21.2,,+16.1% (£2.9m),NIQ 52w to 6 Sep 2025,total grocery (NIQ),The Grocer Top Products Survey 2025 (NIQ data); datawrapper 3I6A8,https://www.thegrocer.co.uk/rankings/biscuits-and-cakes-2025-sweet-treats-tap-global-flavours/713041.article,owner Nestlé; prior-year rank 16,top_products_sweet_biscuits
biscuits_chocolate,17,Flipz,sweet biscuits (brand total),17.8,,+23.1% (£3.3m),NIQ 52w to 6 Sep 2025,total grocery (NIQ),The Grocer Top Products Survey 2025 (NIQ data); datawrapper 3I6A8,https://www.thegrocer.co.uk/rankings/biscuits-and-cakes-2025-sweet-treats-tap-global-flavours/713041.article,owner Pladis; prior-year rank 18; BREAKOUT >=20% value growth,top_products_sweet_biscuits
biscuits_chocolate,18,Nairn's,sweet biscuits (brand total),17.5,,-2.9% (£-0.5m),NIQ 52w to 6 Sep 2025,total grocery (NIQ),The Grocer Top Products Survey 2025 (NIQ data); datawrapper 3I6A8,https://www.thegrocer.co.uk/rankings/biscuits-and-cakes-2025-sweet-treats-tap-global-flavours/713041.article,owner Nairn's; prior-year rank 17,top_products_sweet_biscuits
biscuits_chocolate,19,Walker's Biscuits,sweet biscuits (brand total),17.5,,+21.6% (£3.1m),NIQ 52w to 6 Sep 2025,total grocery (NIQ),The Grocer Top Products Survey 2025 (NIQ data); datawrapper 3I6A8,https://www.thegrocer.co.uk/rankings/biscuits-and-cakes-2025-sweet-treats-tap-global-flavours/713041.article,owner Walker's Shortbread; prior-year rank 19; BREAKOUT >=20% value growth,top_products_sweet_biscuits
biscuits_chocolate,20,Barny,sweet biscuits (brand total),13.4,,-6.7% (£-1.0m),NIQ 52w to 6 Sep 2025,total grocery (NIQ),The Grocer Top Products Survey 2025 (NIQ data); datawrapper 3I6A8,https://www.thegrocer.co.uk/rankings/biscuits-and-cakes-2025-sweet-treats-tap-global-flavours/713041.article,owner Mondelez; prior-year rank 20,top_products_sweet_biscuits
biscuits_chocolate,TOTAL,Total category,savoury biscuits,519.1,volume 0.4% YoY,2.3% (£11.7m),NIQ 52w to 6 Sep 2025,total grocery (NIQ),The Grocer Top Products Survey 2025 (NIQ data); datawrapper 3Atju,https://www.thegrocer.co.uk/rankings/biscuits-and-cakes-2025-sweet-treats-tap-global-flavours/713041.article,category total; own label share 40.1%,top_products_savoury_biscuits
biscuits_chocolate,OL,Own label (all retailers),savoury biscuits,208.4,,0.0% (£0.0m),NIQ 52w to 6 Sep 2025,total grocery (NIQ),The Grocer Top Products Survey 2025 (NIQ data); datawrapper 3Atju,https://www.thegrocer.co.uk/rankings/biscuits-and-cakes-2025-sweet-treats-tap-global-flavours/713041.article,own label = 40.1% of savoury biscuits value,top_products_savoury_biscuits
biscuits_chocolate,1,Jacob's,savoury biscuits (brand total),114.8,,+7.6% (£8.1m),NIQ 52w to 6 Sep 2025,total grocery (NIQ),The Grocer Top Products Survey 2025 (NIQ data); datawrapper 3Atju,https://www.thegrocer.co.uk/rankings/biscuits-and-cakes-2025-sweet-treats-tap-global-flavours/713041.article,owner Pladis; prior-year rank 1,top_products_savoury_biscuits
biscuits_chocolate,2,Ryvita,savoury biscuits (brand total),45.0,,+6.0% (£2.6m),NIQ 52w to 6 Sep 2025,total grocery (NIQ),The Grocer Top Products Survey 2025 (NIQ data); datawrapper 3Atju,https://www.thegrocer.co.uk/rankings/biscuits-and-cakes-2025-sweet-treats-tap-global-flavours/713041.article,owner Jordans & Ryvita; prior-year rank 2,top_products_savoury_biscuits
biscuits_chocolate,3,Ritz,savoury biscuits (brand total),31.1,,+3.8% (£1.2m),NIQ 52w to 6 Sep 2025,total grocery (NIQ),The Grocer Top Products Survey 2025 (NIQ data); datawrapper 3Atju,https://www.thegrocer.co.uk/rankings/biscuits-and-cakes-2025-sweet-treats-tap-global-flavours/713041.article,owner Mondelez; prior-year rank 3,top_products_savoury_biscuits
biscuits_chocolate,4,Nairn's,savoury biscuits (brand total),26.3,,+4.1% (£1.0m),NIQ 52w to 6 Sep 2025,total grocery (NIQ),The Grocer Top Products Survey 2025 (NIQ data); datawrapper 3Atju,https://www.thegrocer.co.uk/rankings/biscuits-and-cakes-2025-sweet-treats-tap-global-flavours/713041.article,owner Nairns; prior-year rank 4,top_products_savoury_biscuits
biscuits_chocolate,5,Carr's,savoury biscuits (brand total),18.3,,-7.7% (£-1.5m),NIQ 52w to 6 Sep 2025,total grocery (NIQ),The Grocer Top Products Survey 2025 (NIQ data); datawrapper 3Atju,https://www.thegrocer.co.uk/rankings/biscuits-and-cakes-2025-sweet-treats-tap-global-flavours/713041.article,owner Pladis; prior-year rank 5,top_products_savoury_biscuits
biscuits_chocolate,6,Peter's Yard,savoury biscuits (brand total),12.6,,+26.2% (£2.6m),NIQ 52w to 6 Sep 2025,total grocery (NIQ),The Grocer Top Products Survey 2025 (NIQ data); datawrapper 3Atju,https://www.thegrocer.co.uk/rankings/biscuits-and-cakes-2025-sweet-treats-tap-global-flavours/713041.article,owner Peters Yard; prior-year rank 6; BREAKOUT >=20% value growth,top_products_savoury_biscuits
biscuits_chocolate,7,Crosta Mollica,savoury biscuits (brand total),11.0,,+12.4% (£1.2m),NIQ 52w to 6 Sep 2025,total grocery (NIQ),The Grocer Top Products Survey 2025 (NIQ data); datawrapper 3Atju,https://www.thegrocer.co.uk/rankings/biscuits-and-cakes-2025-sweet-treats-tap-global-flavours/713041.article,owner Crosta Mollica; prior-year rank 7,top_products_savoury_biscuits
biscuits_chocolate,8,Dr Karg's,savoury biscuits (brand total),5.5,,+13.5% (£0.7m),NIQ 52w to 6 Sep 2025,total grocery (NIQ),The Grocer Top Products Survey 2025 (NIQ data); datawrapper 3Atju,https://www.thegrocer.co.uk/rankings/biscuits-and-cakes-2025-sweet-treats-tap-global-flavours/713041.article,owner Karg Bakery; prior-year rank 8,top_products_savoury_biscuits
biscuits_chocolate,9,Burtons,savoury biscuits (brand total),4.4,,+2.2% (£0.1m),NIQ 52w to 6 Sep 2025,total grocery (NIQ),The Grocer Top Products Survey 2025 (NIQ data); datawrapper 3Atju,https://www.thegrocer.co.uk/rankings/biscuits-and-cakes-2025-sweet-treats-tap-global-flavours/713041.article,owner FBC UK; prior-year rank 9,top_products_savoury_biscuits
biscuits_chocolate,10,Schär,savoury biscuits (brand total),3.5,,-0.8% (£0.0m),NIQ 52w to 6 Sep 2025,total grocery (NIQ),The Grocer Top Products Survey 2025 (NIQ data); datawrapper 3Atju,https://www.thegrocer.co.uk/rankings/biscuits-and-cakes-2025-sweet-treats-tap-global-flavours/713041.article,owner Dr Schär; prior-year rank 10,top_products_savoury_biscuits
biscuits_chocolate,TOTAL,Total category,chocolate confectionery,6447.5,volume -2.6% YoY,9.2% (£542.5m),NIQ 52w to 6 Sep 2025,total grocery (NIQ),The Grocer Top Products Survey 2025 (NIQ data); datawrapper n6XcS,https://www.thegrocer.co.uk/rankings/confectionery-chocolate-2025-dubai-craze-cant-prevent-volumes-drop/713066.article,category total; own label share 13.1%,top_products_chocolate_confectionery
biscuits_chocolate,OL,Own label (all retailers),chocolate confectionery,845.0,,15.7% (£114.4m),NIQ 52w to 6 Sep 2025,total grocery (NIQ),The Grocer Top Products Survey 2025 (NIQ data); datawrapper n6XcS,https://www.thegrocer.co.uk/rankings/confectionery-chocolate-2025-dubai-craze-cant-prevent-volumes-drop/713066.article,own label = 13.1% of chocolate confectionery value,top_products_chocolate_confectionery
biscuits_chocolate,1,Cadbury Dairy Milk,chocolate confectionery (brand total),823.4,,+4.0% (£31.7m),NIQ 52w to 6 Sep 2025,total grocery (NIQ),The Grocer Top Products Survey 2025 (NIQ data); datawrapper n6XcS,https://www.thegrocer.co.uk/rankings/confectionery-chocolate-2025-dubai-craze-cant-prevent-volumes-drop/713066.article,owner Mondelez; prior-year rank 1,top_products_chocolate_confectionery
biscuits_chocolate,2,Maltesers,chocolate confectionery (brand total),298.9,,+14.0% (£36.6m),NIQ 52w to 6 Sep 2025,total grocery (NIQ),The Grocer Top Products Survey 2025 (NIQ data); datawrapper n6XcS,https://www.thegrocer.co.uk/rankings/confectionery-chocolate-2025-dubai-craze-cant-prevent-volumes-drop/713066.article,owner Mars; prior-year rank 2,top_products_chocolate_confectionery
biscuits_chocolate,3,Galaxy,chocolate confectionery (brand total),283.0,,+11.5% (£29.2m),NIQ 52w to 6 Sep 2025,total grocery (NIQ),The Grocer Top Products Survey 2025 (NIQ data); datawrapper n6XcS,https://www.thegrocer.co.uk/rankings/confectionery-chocolate-2025-dubai-craze-cant-prevent-volumes-drop/713066.article,owner Mars; prior-year rank 3,top_products_chocolate_confectionery
biscuits_chocolate,4,Kinder,chocolate confectionery (brand total),243.9,,+11.7% (£25.5m),NIQ 52w to 6 Sep 2025,total grocery (NIQ),The Grocer Top Products Survey 2025 (NIQ data); datawrapper n6XcS,https://www.thegrocer.co.uk/rankings/confectionery-chocolate-2025-dubai-craze-cant-prevent-volumes-drop/713066.article,owner Ferrero; prior-year rank 4,top_products_chocolate_confectionery
biscuits_chocolate,5,Lindt Lindor,chocolate confectionery (brand total),224.1,,+7.7% (£16.0m),NIQ 52w to 6 Sep 2025,total grocery (NIQ),The Grocer Top Products Survey 2025 (NIQ data); datawrapper n6XcS,https://www.thegrocer.co.uk/rankings/confectionery-chocolate-2025-dubai-craze-cant-prevent-volumes-drop/713066.article,owner Lindt & Sprungli; prior-year rank 5,top_products_chocolate_confectionery
biscuits_chocolate,6,Kit Kat,chocolate confectionery (brand total),170.7,,+12.1% (£18.4m),NIQ 52w to 6 Sep 2025,total grocery (NIQ),The Grocer Top Products Survey 2025 (NIQ data); datawrapper n6XcS,https://www.thegrocer.co.uk/rankings/confectionery-chocolate-2025-dubai-craze-cant-prevent-volumes-drop/713066.article,owner Nestlé Rowntree; prior-year rank 7,top_products_chocolate_confectionery
biscuits_chocolate,7,Cadbury Twirl,chocolate confectionery (brand total),159.3,,+1.7% (£2.7m),NIQ 52w to 6 Sep 2025,total grocery (NIQ),The Grocer Top Products Survey 2025 (NIQ data); datawrapper n6XcS,https://www.thegrocer.co.uk/rankings/confectionery-chocolate-2025-dubai-craze-cant-prevent-volumes-drop/713066.article,owner Mondelez; prior-year rank 6,top_products_chocolate_confectionery
biscuits_chocolate,8,M&M's,chocolate confectionery (brand total),143.3,,+12.0% (£15.4m),NIQ 52w to 6 Sep 2025,total grocery (NIQ),The Grocer Top Products Survey 2025 (NIQ data); datawrapper n6XcS,https://www.thegrocer.co.uk/rankings/confectionery-chocolate-2025-dubai-craze-cant-prevent-volumes-drop/713066.article,owner Mars; prior-year rank 8,top_products_chocolate_confectionery
biscuits_chocolate,9,Cadbury Mini Eggs,chocolate confectionery (brand total),136.0,,+27.1% (£29.0m),NIQ 52w to 6 Sep 2025,total grocery (NIQ),The Grocer Top Products Survey 2025 (NIQ data); datawrapper n6XcS,https://www.thegrocer.co.uk/rankings/confectionery-chocolate-2025-dubai-craze-cant-prevent-volumes-drop/713066.article,owner Mondelez; prior-year rank 12; BREAKOUT >=20% value growth,top_products_chocolate_confectionery
biscuits_chocolate,10,Ferrero Rocher,chocolate confectionery (brand total),133.1,,+10.5% (£12.6m),NIQ 52w to 6 Sep 2025,total grocery (NIQ),The Grocer Top Products Survey 2025 (NIQ data); datawrapper n6XcS,https://www.thegrocer.co.uk/rankings/confectionery-chocolate-2025-dubai-craze-cant-prevent-volumes-drop/713066.article,owner Ferrero; prior-year rank 9,top_products_chocolate_confectionery
biscuits_chocolate,11,Celebrations,chocolate confectionery (brand total),126.1,,+7.9% (£9.3m),NIQ 52w to 6 Sep 2025,total grocery (NIQ),The Grocer Top Products Survey 2025 (NIQ data); datawrapper n6XcS,https://www.thegrocer.co.uk/rankings/confectionery-chocolate-2025-dubai-craze-cant-prevent-volumes-drop/713066.article,owner Mars; prior-year rank 11,top_products_chocolate_confectionery
biscuits_chocolate,12,Cadbury Wispa,chocolate confectionery (brand total),115.6,,-1.6% (£-1.9m),NIQ 52w to 6 Sep 2025,total grocery (NIQ),The Grocer Top Products Survey 2025 (NIQ data); datawrapper n6XcS,https://www.thegrocer.co.uk/rankings/confectionery-chocolate-2025-dubai-craze-cant-prevent-volumes-drop/713066.article,owner Mondelez; prior-year rank 10,top_products_chocolate_confectionery
biscuits_chocolate,13,Cadbury Creme Egg,chocolate confectionery (brand total),109.7,,+22.4% (£20.1m),NIQ 52w to 6 Sep 2025,total grocery (NIQ),The Grocer Top Products Survey 2025 (NIQ data); datawrapper n6XcS,https://www.thegrocer.co.uk/rankings/confectionery-chocolate-2025-dubai-craze-cant-prevent-volumes-drop/713066.article,owner Mondelez; prior-year rank 17; BREAKOUT >=20% value growth,top_products_chocolate_confectionery
biscuits_chocolate,14,Cadbury Heroes,chocolate confectionery (brand total),104.1,,+9.3% (£8.8m),NIQ 52w to 6 Sep 2025,total grocery (NIQ),The Grocer Top Products Survey 2025 (NIQ data); datawrapper n6XcS,https://www.thegrocer.co.uk/rankings/confectionery-chocolate-2025-dubai-craze-cant-prevent-volumes-drop/713066.article,owner Mondelez; prior-year rank 14,top_products_chocolate_confectionery
biscuits_chocolate,15,Snickers,chocolate confectionery (brand total),103.5,,+9.2% (£8.7m),NIQ 52w to 6 Sep 2025,total grocery (NIQ),The Grocer Top Products Survey 2025 (NIQ data); datawrapper n6XcS,https://www.thegrocer.co.uk/rankings/confectionery-chocolate-2025-dubai-craze-cant-prevent-volumes-drop/713066.article,owner Mars; prior-year rank 16,top_products_chocolate_confectionery
biscuits_chocolate,16,Quality Street,chocolate confectionery (brand total),95.3,,-4.8% (£-4.9m),NIQ 52w to 6 Sep 2025,total grocery (NIQ),The Grocer Top Products Survey 2025 (NIQ data); datawrapper n6XcS,https://www.thegrocer.co.uk/rankings/confectionery-chocolate-2025-dubai-craze-cant-prevent-volumes-drop/713066.article,owner Nestlé Rowntree; prior-year rank 13,top_products_chocolate_confectionery
biscuits_chocolate,17,Aero,chocolate confectionery (brand total),91.4,,-4.0% (£-3.8m),NIQ 52w to 6 Sep 2025,total grocery (NIQ),The Grocer Top Products Survey 2025 (NIQ data); datawrapper n6XcS,https://www.thegrocer.co.uk/rankings/confectionery-chocolate-2025-dubai-craze-cant-prevent-volumes-drop/713066.article,owner Nestlé Rowntree; prior-year rank 15,top_products_chocolate_confectionery
biscuits_chocolate,18,Mars,chocolate confectionery (brand total),91.0,,+5.3% (£4.5m),NIQ 52w to 6 Sep 2025,total grocery (NIQ),The Grocer Top Products Survey 2025 (NIQ data); datawrapper n6XcS,https://www.thegrocer.co.uk/rankings/confectionery-chocolate-2025-dubai-craze-cant-prevent-volumes-drop/713066.article,owner Mars; prior-year rank 18,top_products_chocolate_confectionery
biscuits_chocolate,19,Twix,chocolate confectionery (brand total),87.8,,+19.1% (£14.1m),NIQ 52w to 6 Sep 2025,total grocery (NIQ),The Grocer Top Products Survey 2025 (NIQ data); datawrapper n6XcS,https://www.thegrocer.co.uk/rankings/confectionery-chocolate-2025-dubai-craze-cant-prevent-volumes-drop/713066.article,owner Mars; prior-year rank 21,top_products_chocolate_confectionery
biscuits_chocolate,20,Lindt Excellence,chocolate confectionery (brand total),85.4,,+22.7% (£15.8m),NIQ 52w to 6 Sep 2025,total grocery (NIQ),The Grocer Top Products Survey 2025 (NIQ data); datawrapper n6XcS,https://www.thegrocer.co.uk/rankings/confectionery-chocolate-2025-dubai-craze-cant-prevent-volumes-drop/713066.article,owner Lindt & Sprungli; prior-year rank 23; BREAKOUT >=20% value growth,top_products_chocolate_confectionery
ready_meals_soup,TOTAL,Total category,chilled ready meals,3365.2,volume 0.6% YoY,4.4% (£143.2m),NIQ 52w to 6 Sep 2025,total grocery (NIQ),The Grocer Top Products Survey 2025 (NIQ data); datawrapper g61sD,https://www.thegrocer.co.uk/rankings/ready-meals-2025-big-nights-in-push-posher-meal-sales-up/713071.article,category total; own label share 80.4%,top_products_chilled_ready_meals
ready_meals_soup,OL,Own label (all retailers),chilled ready meals,2706.6,,3.2% (£84.4m),NIQ 52w to 6 Sep 2025,total grocery (NIQ),The Grocer Top Products Survey 2025 (NIQ data); datawrapper g61sD,https://www.thegrocer.co.uk/rankings/ready-meals-2025-big-nights-in-push-posher-meal-sales-up/713071.article,own label = 80.4% of chilled ready meals value,top_products_chilled_ready_meals
ready_meals_soup,1,Charlie Bigham's,chilled ready meals (brand total),198.3,,+13.1% (£23.0m),NIQ 52w to 6 Sep 2025,total grocery (NIQ),The Grocer Top Products Survey 2025 (NIQ data); datawrapper g61sD,https://www.thegrocer.co.uk/rankings/ready-meals-2025-big-nights-in-push-posher-meal-sales-up/713071.article,owner Bigham's; prior-year rank 1,top_products_chilled_ready_meals
ready_meals_soup,2,Rustlers,chilled ready meals (brand total),106.8,,-6.8% (£-7.8m),NIQ 52w to 6 Sep 2025,total grocery (NIQ),The Grocer Top Products Survey 2025 (NIQ data); datawrapper g61sD,https://www.thegrocer.co.uk/rankings/ready-meals-2025-big-nights-in-push-posher-meal-sales-up/713071.article,owner Kepak; prior-year rank 2,top_products_chilled_ready_meals
ready_meals_soup,3,Wasabi Home Bento,chilled ready meals (brand total),57.2,,+24.3% (£11.2m),NIQ 52w to 6 Sep 2025,total grocery (NIQ),The Grocer Top Products Survey 2025 (NIQ data); datawrapper g61sD,https://www.thegrocer.co.uk/rankings/ready-meals-2025-big-nights-in-push-posher-meal-sales-up/713071.article,owner Wasabi Co; prior-year rank 3; BREAKOUT >=20% value growth,top_products_chilled_ready_meals
ready_meals_soup,4,Little Dish,chilled ready meals (brand total),25.4,,+48.6% (£8.3m),NIQ 52w to 6 Sep 2025,total grocery (NIQ),The Grocer Top Products Survey 2025 (NIQ data); datawrapper g61sD,https://www.thegrocer.co.uk/rankings/ready-meals-2025-big-nights-in-push-posher-meal-sales-up/713071.article,owner Healthy Kids; prior-year rank 4; BREAKOUT >=20% value growth,top_products_chilled_ready_meals
ready_meals_soup,5,The Gym Kitchen,chilled ready meals (brand total),20.6,,+29.9% (£4.7m),NIQ 52w to 6 Sep 2025,total grocery (NIQ),The Grocer Top Products Survey 2025 (NIQ data); datawrapper g61sD,https://www.thegrocer.co.uk/rankings/ready-meals-2025-big-nights-in-push-posher-meal-sales-up/713071.article,owner The Gym Kitchen; prior-year rank 5; BREAKOUT >=20% value growth,top_products_chilled_ready_meals
ready_meals_soup,6,Mcintosh,chilled ready meals (brand total),15.8,,+2.3% (£0.4m),NIQ 52w to 6 Sep 2025,total grocery (NIQ),The Grocer Top Products Survey 2025 (NIQ data); datawrapper g61sD,https://www.thegrocer.co.uk/rankings/ready-meals-2025-big-nights-in-push-posher-meal-sales-up/713071.article,owner Strathmore Foods; prior-year rank 6,top_products_chilled_ready_meals
ready_meals_soup,7,Jack's,chilled ready meals (brand total),11.9,,-9.6% (£-1.3m),NIQ 52w to 6 Sep 2025,total grocery (NIQ),The Grocer Top Products Survey 2025 (NIQ data); datawrapper g61sD,https://www.thegrocer.co.uk/rankings/ready-meals-2025-big-nights-in-push-posher-meal-sales-up/713071.article,owner Booker Belmont; prior-year rank 7,top_products_chilled_ready_meals
ready_meals_soup,8,Cathedral City,chilled ready meals (brand total),10.5,,+549.9% (£8.8m),NIQ 52w to 6 Sep 2025,total grocery (NIQ),The Grocer Top Products Survey 2025 (NIQ data); datawrapper g61sD,https://www.thegrocer.co.uk/rankings/ready-meals-2025-big-nights-in-push-posher-meal-sales-up/713071.article,owner Saputo; prior-year rank 34; BREAKOUT >=20% value growth,top_products_chilled_ready_meals
ready_meals_soup,9,Old El Paso,chilled ready meals (brand total),10.0,,+23.1% (£1.9m),NIQ 52w to 6 Sep 2025,total grocery (NIQ),The Grocer Top Products Survey 2025 (NIQ data); datawrapper g61sD,https://www.thegrocer.co.uk/rankings/ready-meals-2025-big-nights-in-push-posher-meal-sales-up/713071.article,owner General Mills; prior-year rank 9; BREAKOUT >=20% value growth,top_products_chilled_ready_meals
ready_meals_soup,10,La Famiglia Rana,chilled ready meals (brand total),9.6,,+133.4% (£5.5m),NIQ 52w to 6 Sep 2025,total grocery (NIQ),The Grocer Top Products Survey 2025 (NIQ data); datawrapper g61sD,https://www.thegrocer.co.uk/rankings/ready-meals-2025-big-nights-in-push-posher-meal-sales-up/713071.article,owner Pastificio Rana; prior-year rank 19; BREAKOUT >=20% value growth,top_products_chilled_ready_meals
ready_meals_soup,TOTAL,Total category,frozen ready meals,608.8,volume 0.5% YoY,6.0% (£34.2m),NIQ 52w to 6 Sep 2025,total grocery (NIQ),The Grocer Top Products Survey 2025 (NIQ data); datawrapper 3QByL,https://www.thegrocer.co.uk/rankings/ready-meals-2025-big-nights-in-push-posher-meal-sales-up/713071.article,category total; own label share 64.9%,top_products_frozen_ready_meals
ready_meals_soup,OL,Own label (all retailers),frozen ready meals,395.2,,9.0% (£32.6m),NIQ 52w to 6 Sep 2025,total grocery (NIQ),The Grocer Top Products Survey 2025 (NIQ data); datawrapper 3QByL,https://www.thegrocer.co.uk/rankings/ready-meals-2025-big-nights-in-push-posher-meal-sales-up/713071.article,own label = 64.9% of frozen ready meals value,top_products_frozen_ready_meals
ready_meals_soup,1,Slimming World,frozen ready meals (brand total),68.9,,+7.72% (£4.9m),NIQ 52w to 6 Sep 2025,total grocery (NIQ),The Grocer Top Products Survey 2025 (NIQ data); datawrapper 3QByL,https://www.thegrocer.co.uk/rankings/ready-meals-2025-big-nights-in-push-posher-meal-sales-up/713071.article,owner Loxton Foods; prior-year rank 1,top_products_frozen_ready_meals
ready_meals_soup,2,Cook,frozen ready meals (brand total),31.0,,+11.59% (£3.2m),NIQ 52w to 6 Sep 2025,total grocery (NIQ),The Grocer Top Products Survey 2025 (NIQ data); datawrapper 3QByL,https://www.thegrocer.co.uk/rankings/ready-meals-2025-big-nights-in-push-posher-meal-sales-up/713071.article,owner Cook Trading; prior-year rank 2,top_products_frozen_ready_meals
ready_meals_soup,3,Bisto,frozen ready meals (brand total),13.8,,-9.44% (£-1.4m),NIQ 52w to 6 Sep 2025,total grocery (NIQ),The Grocer Top Products Survey 2025 (NIQ data); datawrapper 3QByL,https://www.thegrocer.co.uk/rankings/ready-meals-2025-big-nights-in-push-posher-meal-sales-up/713071.article,owner Kerry Foods; prior-year rank 4,top_products_frozen_ready_meals
ready_meals_soup,4,Kershaws,frozen ready meals (brand total),13.7,,-12.54% (£-2.0m),NIQ 52w to 6 Sep 2025,total grocery (NIQ),The Grocer Top Products Survey 2025 (NIQ data); datawrapper 3QByL,https://www.thegrocer.co.uk/rankings/ready-meals-2025-big-nights-in-push-posher-meal-sales-up/713071.article,owner Kershaws; prior-year rank 3,top_products_frozen_ready_meals
ready_meals_soup,5,Birds Eye,frozen ready meals (brand total),13.2,,+28.30% (£2.9m),NIQ 52w to 6 Sep 2025,total grocery (NIQ),The Grocer Top Products Survey 2025 (NIQ data); datawrapper 3QByL,https://www.thegrocer.co.uk/rankings/ready-meals-2025-big-nights-in-push-posher-meal-sales-up/713071.article,owner Nomad Foods; prior-year rank 7; BREAKOUT >=20% value growth,top_products_frozen_ready_meals
ready_meals_soup,6,Cathedral City,frozen ready meals (brand total),11.9,,-1.21% (£-0.1m),NIQ 52w to 6 Sep 2025,total grocery (NIQ),The Grocer Top Products Survey 2025 (NIQ data); datawrapper 3QByL,https://www.thegrocer.co.uk/rankings/ready-meals-2025-big-nights-in-push-posher-meal-sales-up/713071.article,owner Saputo; prior-year rank 6,top_products_frozen_ready_meals
ready_meals_soup,7,Young's,frozen ready meals (brand total),11.6,,-5.53% (£-0.7m),NIQ 52w to 6 Sep 2025,total grocery (NIQ),The Grocer Top Products Survey 2025 (NIQ data); datawrapper 3QByL,https://www.thegrocer.co.uk/rankings/ready-meals-2025-big-nights-in-push-posher-meal-sales-up/713071.article,owner Young's Seafood; prior-year rank 5,top_products_frozen_ready_meals
ready_meals_soup,8,The Gym Kitchen,frozen ready meals (brand total),4.8,,+63.79% (£1.9m),NIQ 52w to 6 Sep 2025,total grocery (NIQ),The Grocer Top Products Survey 2025 (NIQ data); datawrapper 3QByL,https://www.thegrocer.co.uk/rankings/ready-meals-2025-big-nights-in-push-posher-meal-sales-up/713071.article,owner The Gym Kitchen; prior-year rank 13; BREAKOUT >=20% value growth,top_products_frozen_ready_meals
ready_meals_soup,9,Goodfellas,frozen ready meals (brand total),3.4,,-21.12% (£-0.9m),NIQ 52w to 6 Sep 2025,total grocery (NIQ),The Grocer Top Products Survey 2025 (NIQ data); datawrapper 3QByL,https://www.thegrocer.co.uk/rankings/ready-meals-2025-big-nights-in-push-posher-meal-sales-up/713071.article,owner Nomad Foods; prior-year rank 9,top_products_frozen_ready_meals
ready_meals_soup,10,Annabel Karmel,frozen ready meals (brand total),3.3,,-11.75% (£-0.4m),NIQ 52w to 6 Sep 2025,total grocery (NIQ),The Grocer Top Products Survey 2025 (NIQ data); datawrapper 3QByL,https://www.thegrocer.co.uk/rankings/ready-meals-2025-big-nights-in-push-posher-meal-sales-up/713071.article,owner Annabel Karmel; prior-year rank 11,top_products_frozen_ready_meals
ready_meals_soup,TOTAL,Total category,pot meals / instant noodles,315.4,volume 5.6% YoY,0.4% (£1.3m),NIQ 52w to 6 Sep 2025,total grocery (NIQ),The Grocer Top Products Survey 2025 (NIQ data); datawrapper VKYQt,https://www.thegrocer.co.uk/rankings/ready-meals-2025-big-nights-in-push-posher-meal-sales-up/713071.article,category total; own label share 9.0%,top_products_pot_meals_instant_noodles
ready_meals_soup,OL,Own label (all retailers),pot meals / instant noodles,28.4,,31.9% (£6.9m),NIQ 52w to 6 Sep 2025,total grocery (NIQ),The Grocer Top Products Survey 2025 (NIQ data); datawrapper VKYQt,https://www.thegrocer.co.uk/rankings/ready-meals-2025-big-nights-in-push-posher-meal-sales-up/713071.article,own label = 9.0% of pot meals / instant noodles value,top_products_pot_meals_instant_noodles
ready_meals_soup,1,Pot Noodle,pot meals / instant noodles (brand total),151.0,,-3.3% (£-5.2m),NIQ 52w to 6 Sep 2025,total grocery (NIQ),The Grocer Top Products Survey 2025 (NIQ data); datawrapper VKYQt,https://www.thegrocer.co.uk/rankings/ready-meals-2025-big-nights-in-push-posher-meal-sales-up/713071.article,owner Unilever; prior-year rank 1,top_products_pot_meals_instant_noodles
ready_meals_soup,2,Nissin,pot meals / instant noodles (brand total),45.0,,+0.0% (£0.0m),NIQ 52w to 6 Sep 2025,total grocery (NIQ),The Grocer Top Products Survey 2025 (NIQ data); datawrapper VKYQt,https://www.thegrocer.co.uk/rankings/ready-meals-2025-big-nights-in-push-posher-meal-sales-up/713071.article,owner Nissin Foods; prior-year rank 2,top_products_pot_meals_instant_noodles
ready_meals_soup,3,Batchelors,pot meals / instant noodles (brand total),20.5,,-11.8% (£-2.7m),NIQ 52w to 6 Sep 2025,total grocery (NIQ),The Grocer Top Products Survey 2025 (NIQ data); datawrapper VKYQt,https://www.thegrocer.co.uk/rankings/ready-meals-2025-big-nights-in-push-posher-meal-sales-up/713071.article,owner Premier Foods; prior-year rank 3,top_products_pot_meals_instant_noodles
ready_meals_soup,4,Itsu,pot meals / instant noodles (brand total),11.8,,+8.4% (£0.9m),NIQ 52w to 6 Sep 2025,total grocery (NIQ),The Grocer Top Products Survey 2025 (NIQ data); datawrapper VKYQt,https://www.thegrocer.co.uk/rankings/ready-meals-2025-big-nights-in-push-posher-meal-sales-up/713071.article,owner Itsu Grocery; prior-year rank 6,top_products_pot_meals_instant_noodles
ready_meals_soup,5,Naked,pot meals / instant noodles (brand total),11.3,,-23.2% (£-3.4m),NIQ 52w to 6 Sep 2025,total grocery (NIQ),The Grocer Top Products Survey 2025 (NIQ data); datawrapper VKYQt,https://www.thegrocer.co.uk/rankings/ready-meals-2025-big-nights-in-push-posher-meal-sales-up/713071.article,owner Symington's; prior-year rank 4,top_products_pot_meals_instant_noodles
ready_meals_soup,6,John West,pot meals / instant noodles (brand total),9.8,,-14.6% (£-1.7m),NIQ 52w to 6 Sep 2025,total grocery (NIQ),The Grocer Top Products Survey 2025 (NIQ data); datawrapper VKYQt,https://www.thegrocer.co.uk/rankings/ready-meals-2025-big-nights-in-push-posher-meal-sales-up/713071.article,owner John West Foods; prior-year rank 5,top_products_pot_meals_instant_noodles
ready_meals_soup,7,Koka,pot meals / instant noodles (brand total),4.9,,+27.4% (£1.1m),NIQ 52w to 6 Sep 2025,total grocery (NIQ),The Grocer Top Products Survey 2025 (NIQ data); datawrapper VKYQt,https://www.thegrocer.co.uk/rankings/ready-meals-2025-big-nights-in-push-posher-meal-sales-up/713071.article,owner Tat Hui Foods; prior-year rank 7; BREAKOUT >=20% value growth,top_products_pot_meals_instant_noodles
ready_meals_soup,8,Samyang,pot meals / instant noodles (brand total),4.6,,+67.2% (£1.8m),NIQ 52w to 6 Sep 2025,total grocery (NIQ),The Grocer Top Products Survey 2025 (NIQ data); datawrapper VKYQt,https://www.thegrocer.co.uk/rankings/ready-meals-2025-big-nights-in-push-posher-meal-sales-up/713071.article,owner Samyang Foods; prior-year rank 11; BREAKOUT >=20% value growth,top_products_pot_meals_instant_noodles
ready_meals_soup,9,Nong Shim,pot meals / instant noodles (brand total),4.0,,+10.3% (£0.4m),NIQ 52w to 6 Sep 2025,total grocery (NIQ),The Grocer Top Products Survey 2025 (NIQ data); datawrapper VKYQt,https://www.thegrocer.co.uk/rankings/ready-meals-2025-big-nights-in-push-posher-meal-sales-up/713071.article,owner Nong Shim; prior-year rank 9,top_products_pot_meals_instant_noodles
ready_meals_soup,10,Ko Lee,pot meals / instant noodles (brand total),2.9,,-18.6% (£-0.7m),NIQ 52w to 6 Sep 2025,total grocery (NIQ),The Grocer Top Products Survey 2025 (NIQ data); datawrapper VKYQt,https://www.thegrocer.co.uk/rankings/ready-meals-2025-big-nights-in-push-posher-meal-sales-up/713071.article,owner Kohlico; prior-year rank 10,top_products_pot_meals_instant_noodles
ready_meals_soup,TOTAL,Total category,ambient ready meals,68.6,volume 13.9% YoY,20.5% (£11.7m),NIQ 52w to 6 Sep 2025,total grocery (NIQ),The Grocer Top Products Survey 2025 (NIQ data); datawrapper mJ2EE,https://www.thegrocer.co.uk/rankings/ready-meals-2025-big-nights-in-push-posher-meal-sales-up/713071.article,category total; own label share 26.8%,top_products_ambient_ready_meals
ready_meals_soup,OL,Own label (all retailers),ambient ready meals,18.4,,12.1% (£2.0m),NIQ 52w to 6 Sep 2025,total grocery (NIQ),The Grocer Top Products Survey 2025 (NIQ data); datawrapper mJ2EE,https://www.thegrocer.co.uk/rankings/ready-meals-2025-big-nights-in-push-posher-meal-sales-up/713071.article,own label = 26.8% of ambient ready meals value,top_products_ambient_ready_meals
ready_meals_soup,1,Merchant Gourmet,ambient ready meals (brand total),20.3,,+40.7% (£5.9m),NIQ 52w to 6 Sep 2025,total grocery (NIQ),The Grocer Top Products Survey 2025 (NIQ data); datawrapper mJ2EE,https://www.thegrocer.co.uk/rankings/ready-meals-2025-big-nights-in-push-posher-meal-sales-up/713071.article,owner Premier Foods; prior-year rank 1; BREAKOUT >=20% value growth,top_products_ambient_ready_meals
ready_meals_soup,2,Ben's Original,ambient ready meals (brand total),4.9,,+273.2% (£3.6m),NIQ 52w to 6 Sep 2025,total grocery (NIQ),The Grocer Top Products Survey 2025 (NIQ data); datawrapper mJ2EE,https://www.thegrocer.co.uk/rankings/ready-meals-2025-big-nights-in-push-posher-meal-sales-up/713071.article,owner Mars; prior-year rank 6; BREAKOUT >=20% value growth,top_products_ambient_ready_meals
ready_meals_soup,3,Fullgreen,ambient ready meals (brand total),4.4,,-1.8% (£-0.1m),NIQ 52w to 6 Sep 2025,total grocery (NIQ),The Grocer Top Products Survey 2025 (NIQ data); datawrapper mJ2EE,https://www.thegrocer.co.uk/rankings/ready-meals-2025-big-nights-in-push-posher-meal-sales-up/713071.article,owner Fullgreen; prior-year rank 2,top_products_ambient_ready_meals
ready_meals_soup,4,Loyd Grossman,ambient ready meals (brand total),2.0,,+16.3% (£0.3m),NIQ 52w to 6 Sep 2025,total grocery (NIQ),The Grocer Top Products Survey 2025 (NIQ data); datawrapper mJ2EE,https://www.thegrocer.co.uk/rankings/ready-meals-2025-big-nights-in-push-posher-meal-sales-up/713071.article,owner Premier Foods; prior-year rank 4,top_products_ambient_ready_meals
ready_meals_soup,5,The Gym Kitchen,ambient ready meals (brand total),1.4,,-13.1% (£-0.2m),NIQ 52w to 6 Sep 2025,total grocery (NIQ),The Grocer Top Products Survey 2025 (NIQ data); datawrapper mJ2EE,https://www.thegrocer.co.uk/rankings/ready-meals-2025-big-nights-in-push-posher-meal-sales-up/713071.article,owner The Gym Kitchen; prior-year rank 5,top_products_ambient_ready_meals
ready_meals_soup,6,Kohinoor,ambient ready meals (brand total),1.2,,+8.3% (£0.1m),NIQ 52w to 6 Sep 2025,total grocery (NIQ),The Grocer Top Products Survey 2025 (NIQ data); datawrapper mJ2EE,https://www.thegrocer.co.uk/rankings/ready-meals-2025-big-nights-in-push-posher-meal-sales-up/713071.article,owner Indo European Foods; prior-year rank 7,top_products_ambient_ready_meals
ready_meals_soup,7,Noodle Head,ambient ready meals (brand total),1.0,,+119.7% (£0.5m),NIQ 52w to 6 Sep 2025,total grocery (NIQ),The Grocer Top Products Survey 2025 (NIQ data); datawrapper mJ2EE,https://www.thegrocer.co.uk/rankings/ready-meals-2025-big-nights-in-push-posher-meal-sales-up/713071.article,owner Veetee; prior-year rank 14; BREAKOUT >=20% value growth,top_products_ambient_ready_meals
ready_meals_soup,8,Stagg,ambient ready meals (brand total),0.7,,-4.5% (£0.0m),NIQ 52w to 6 Sep 2025,total grocery (NIQ),The Grocer Top Products Survey 2025 (NIQ data); datawrapper mJ2EE,https://www.thegrocer.co.uk/rankings/ready-meals-2025-big-nights-in-push-posher-meal-sales-up/713071.article,owner Hormel; prior-year rank 9,top_products_ambient_ready_meals
ready_meals_soup,9,Ashoka,ambient ready meals (brand total),0.7,,-13.9% (£-0.1m),NIQ 52w to 6 Sep 2025,total grocery (NIQ),The Grocer Top Products Survey 2025 (NIQ data); datawrapper mJ2EE,https://www.thegrocer.co.uk/rankings/ready-meals-2025-big-nights-in-push-posher-meal-sales-up/713071.article,owner ADF Foods; prior-year rank 8,top_products_ambient_ready_meals
ready_meals_soup,10,Jamie Oliver,ambient ready meals (brand total),0.6,,-79.3% (£-2.5m),NIQ 52w to 6 Sep 2025,total grocery (NIQ),The Grocer Top Products Survey 2025 (NIQ data); datawrapper mJ2EE,https://www.thegrocer.co.uk/rankings/ready-meals-2025-big-nights-in-push-posher-meal-sales-up/713071.article,owner Jamie Oliver; prior-year rank 3,top_products_ambient_ready_meals
ready_meals_soup,TOTAL,Total category,ambient soup,436.1,volume -3.8% YoY,-4.3% (£-19.5m),NIQ 52w to 6 Sep 2025,total grocery (NIQ),The Grocer Top Products Survey 2025 (NIQ data); datawrapper WSPfB,https://www.thegrocer.co.uk/rankings/soup-2025-chilled-soup-heats-up-as-ambient-falls/712963.article,category total; own label share 27.3%,top_products_ambient_soup
ready_meals_soup,OL,Own label (all retailers),ambient soup,118.9,,-3.2% (£-3.9m),NIQ 52w to 6 Sep 2025,total grocery (NIQ),The Grocer Top Products Survey 2025 (NIQ data); datawrapper WSPfB,https://www.thegrocer.co.uk/rankings/soup-2025-chilled-soup-heats-up-as-ambient-falls/712963.article,own label = 27.3% of ambient soup value,top_products_ambient_soup
ready_meals_soup,1,Heinz,ambient soup (brand total),200.4,,-2.8% (£-5.8m),NIQ 52w to 6 Sep 2025,total grocery (NIQ),The Grocer Top Products Survey 2025 (NIQ data); datawrapper WSPfB,https://www.thegrocer.co.uk/rankings/soup-2025-chilled-soup-heats-up-as-ambient-falls/712963.article,owner Kraft Heinz; prior-year rank 1,top_products_ambient_soup
ready_meals_soup,2,Batchelors,ambient soup (brand total),40.9,,-6.3% (£-2.8m),NIQ 52w to 6 Sep 2025,total grocery (NIQ),The Grocer Top Products Survey 2025 (NIQ data); datawrapper WSPfB,https://www.thegrocer.co.uk/rankings/soup-2025-chilled-soup-heats-up-as-ambient-falls/712963.article,owner Premier Foods; prior-year rank 2,top_products_ambient_soup
ready_meals_soup,3,Baxters,ambient soup (brand total),31.5,,-6.2% (£-2.1m),NIQ 52w to 6 Sep 2025,total grocery (NIQ),The Grocer Top Products Survey 2025 (NIQ data); datawrapper WSPfB,https://www.thegrocer.co.uk/rankings/soup-2025-chilled-soup-heats-up-as-ambient-falls/712963.article,owner Baxters Food Group; prior-year rank 3,top_products_ambient_soup
ready_meals_soup,4,Crosse & Blackwell,ambient soup (brand total),7.7,,-37.4% (£-4.6m),NIQ 52w to 6 Sep 2025,total grocery (NIQ),The Grocer Top Products Survey 2025 (NIQ data); datawrapper WSPfB,https://www.thegrocer.co.uk/rankings/soup-2025-chilled-soup-heats-up-as-ambient-falls/712963.article,owner Princes Foods; prior-year rank 4,top_products_ambient_soup
ready_meals_soup,5,Nongshim,ambient soup (brand total),5.3,,-8.5% (£-0.5m),NIQ 52w to 6 Sep 2025,total grocery (NIQ),The Grocer Top Products Survey 2025 (NIQ data); datawrapper WSPfB,https://www.thegrocer.co.uk/rankings/soup-2025-chilled-soup-heats-up-as-ambient-falls/712963.article,owner Nongshim; prior-year rank 5,top_products_ambient_soup
ready_meals_soup,6,Campbell's,ambient soup (brand total),5.1,,+71.9% (£2.2m),NIQ 52w to 6 Sep 2025,total grocery (NIQ),The Grocer Top Products Survey 2025 (NIQ data); datawrapper WSPfB,https://www.thegrocer.co.uk/rankings/soup-2025-chilled-soup-heats-up-as-ambient-falls/712963.article,owner Euro Food Brands; prior-year rank 8; BREAKOUT >=20% value growth,top_products_ambient_soup
ready_meals_soup,7,Knorr,ambient soup (brand total),4.6,,-10.8% (£-0.6m),NIQ 52w to 6 Sep 2025,total grocery (NIQ),The Grocer Top Products Survey 2025 (NIQ data); datawrapper WSPfB,https://www.thegrocer.co.uk/rankings/soup-2025-chilled-soup-heats-up-as-ambient-falls/712963.article,owner Unilever; prior-year rank 6,top_products_ambient_soup
ready_meals_soup,8,Itsu,ambient soup (brand total),3.7,,-10.5% (£-0.4m),NIQ 52w to 6 Sep 2025,total grocery (NIQ),The Grocer Top Products Survey 2025 (NIQ data); datawrapper WSPfB,https://www.thegrocer.co.uk/rankings/soup-2025-chilled-soup-heats-up-as-ambient-falls/712963.article,owner Itsu Grocery; prior-year rank 7,top_products_ambient_soup
ready_meals_soup,9,Yutaka,ambient soup (brand total),3.1,,+5.2% (£0.2m),NIQ 52w to 6 Sep 2025,total grocery (NIQ),The Grocer Top Products Survey 2025 (NIQ data); datawrapper WSPfB,https://www.thegrocer.co.uk/rankings/soup-2025-chilled-soup-heats-up-as-ambient-falls/712963.article,owner Tazaki Foods; prior-year rank 9,top_products_ambient_soup
ready_meals_soup,10,WW,ambient soup (brand total),2.2,,-20.3% (£-0.6m),NIQ 52w to 6 Sep 2025,total grocery (NIQ),The Grocer Top Products Survey 2025 (NIQ data); datawrapper WSPfB,https://www.thegrocer.co.uk/rankings/soup-2025-chilled-soup-heats-up-as-ambient-falls/712963.article,owner Kraft Heinz; prior-year rank 11,top_products_ambient_soup
ready_meals_soup,TOTAL,Total category,chilled soup,270.7,volume 1.9% YoY,6.3% (£16.1m),NIQ 52w to 6 Sep 2025,total grocery (NIQ),The Grocer Top Products Survey 2025 (NIQ data); datawrapper 96c92,https://www.thegrocer.co.uk/rankings/soup-2025-chilled-soup-heats-up-as-ambient-falls/712963.article,category total; own label share 57.0%,top_products_chilled_soup
ready_meals_soup,OL,Own label (all retailers),chilled soup,154.2,,6.3% (£9.2m),NIQ 52w to 6 Sep 2025,total grocery (NIQ),The Grocer Top Products Survey 2025 (NIQ data); datawrapper 96c92,https://www.thegrocer.co.uk/rankings/soup-2025-chilled-soup-heats-up-as-ambient-falls/712963.article,own label = 57.0% of chilled soup value,top_products_chilled_soup
ready_meals_soup,1,New Covent Garden,chilled soup (brand total),37.9,,+3.5% (£1.3m),NIQ 52w to 6 Sep 2025,total grocery (NIQ),The Grocer Top Products Survey 2025 (NIQ data); datawrapper 96c92,https://www.thegrocer.co.uk/rankings/soup-2025-chilled-soup-heats-up-as-ambient-falls/712963.article,owner Hain Celestial; prior-year rank 1,top_products_chilled_soup
ready_meals_soup,2,Yorkshire Provender,chilled soup (brand total),34.6,,+9.5% (£3.0m),NIQ 52w to 6 Sep 2025,total grocery (NIQ),The Grocer Top Products Survey 2025 (NIQ data); datawrapper 96c92,https://www.thegrocer.co.uk/rankings/soup-2025-chilled-soup-heats-up-as-ambient-falls/712963.article,owner Hain Celestial; prior-year rank 2,top_products_chilled_soup
ready_meals_soup,3,Cully & Sully,chilled soup (brand total),14.7,,+11.3% (£1.5m),NIQ 52w to 6 Sep 2025,total grocery (NIQ),The Grocer Top Products Survey 2025 (NIQ data); datawrapper 96c92,https://www.thegrocer.co.uk/rankings/soup-2025-chilled-soup-heats-up-as-ambient-falls/712963.article,owner Hain Celestial; prior-year rank 3,top_products_chilled_soup
ready_meals_soup,4,Bol,chilled soup (brand total),7.5,,+14.1% (£0.9m),NIQ 52w to 6 Sep 2025,total grocery (NIQ),The Grocer Top Products Survey 2025 (NIQ data); datawrapper 96c92,https://www.thegrocer.co.uk/rankings/soup-2025-chilled-soup-heats-up-as-ambient-falls/712963.article,owner Bol Foods; prior-year rank 4,top_products_chilled_soup
ready_meals_soup,5,Itsu,chilled soup (brand total),4.9,,+12.3% (£0.5m),NIQ 52w to 6 Sep 2025,total grocery (NIQ),The Grocer Top Products Survey 2025 (NIQ data); datawrapper 96c92,https://www.thegrocer.co.uk/rankings/soup-2025-chilled-soup-heats-up-as-ambient-falls/712963.article,owner Itsu Grocery; prior-year rank 5,top_products_chilled_soup
ready_meals_soup,6,Re:Nourish,chilled soup (brand total),4.0,,+12.6% (£0.4m),NIQ 52w to 6 Sep 2025,total grocery (NIQ),The Grocer Top Products Survey 2025 (NIQ data); datawrapper 96c92,https://www.thegrocer.co.uk/rankings/soup-2025-chilled-soup-heats-up-as-ambient-falls/712963.article,owner Re:Nourish; prior-year rank 6,top_products_chilled_soup
ready_meals_soup,7,Yeo Valley,chilled soup (brand total),2.7,,+7.7% (£0.2m),NIQ 52w to 6 Sep 2025,total grocery (NIQ),The Grocer Top Products Survey 2025 (NIQ data); datawrapper 96c92,https://www.thegrocer.co.uk/rankings/soup-2025-chilled-soup-heats-up-as-ambient-falls/712963.article,owner Yeo Valley; prior-year rank 7,top_products_chilled_soup
ready_meals_soup,8,Tideford Organics,chilled soup (brand total),2.3,,-8.0% (£-0.2m),NIQ 52w to 6 Sep 2025,total grocery (NIQ),The Grocer Top Products Survey 2025 (NIQ data); datawrapper 96c92,https://www.thegrocer.co.uk/rankings/soup-2025-chilled-soup-heats-up-as-ambient-falls/712963.article,owner Tideford Organics; prior-year rank 8,top_products_chilled_soup
ready_meals_soup,9,Daylesford,chilled soup (brand total),2.2,,+117.3% (£1.2m),NIQ 52w to 6 Sep 2025,total grocery (NIQ),The Grocer Top Products Survey 2025 (NIQ data); datawrapper 96c92,https://www.thegrocer.co.uk/rankings/soup-2025-chilled-soup-heats-up-as-ambient-falls/712963.article,owner Daylesford Organic; prior-year rank 11; BREAKOUT >=20% value growth,top_products_chilled_soup
ready_meals_soup,10,Alvalle,chilled soup (brand total),1.9,,-23.2% (£-0.6m),NIQ 52w to 6 Sep 2025,total grocery (NIQ),The Grocer Top Products Survey 2025 (NIQ data); datawrapper 96c92,https://www.thegrocer.co.uk/rankings/soup-2025-chilled-soup-heats-up-as-ambient-falls/712963.article,owner PepsiCo; prior-year rank 9,top_products_chilled_soup
biscuits_chocolate,,Fox's,"Chocolatey Dubai Style Pistachio (130g, rsp £2.65)",1.3,,launch,first 12 weeks from Jul 2025,total grocery,The Grocer Top Products Survey 2025 (Top Launch),https://www.thegrocer.co.uk/rankings/biscuits-and-cakes-2025-sweet-treats-tap-global-flavours/713041.article,NPD trend-chaser (Dubai chocolate); novelty signal,other_biscuits_chocolate
biscuits_chocolate,,Thomas Fudge's,premium fudge biscuits,,,+200% YoY (supplier claim),2025,total grocery,The Grocer Top Products Survey 2025 (FBC quote),https://www.thegrocer.co.uk/rankings/biscuits-and-cakes-2025-sweet-treats-tap-global-flavours/713041.article,"supplier claim, no £ figure; premium challenger",other_biscuits_chocolate
biscuits_chocolate,,Lotus Biscoff,Biscoff cookies + spreads (global),,,+13% (global brand growth 2025),FY2025,global,Lotus Bakeries FY2025 results call (via Seeking Alpha),https://seekingalpha.com/article/4867124-lotus-bakeries,GLOBAL figure; UK 'Lotus' biscuit brand in NIQ table is -4.3% to £35.2m — UK Biscoff is not breaking out in sweet biscuits (growth is in Biscoff-flavoured co-brands/spreads),other_biscuits_chocolate
meal_deal,main-1,Tesco (own label),Tesco Chicken Club Sandwich,,,#1 main 2nd year running,calendar 2025,meal deal,Tesco Clubcard Unpacked 2025 (via The Manc),https://themanc.com/trending/tesco-reveals-what-the-uks-most-popular-meal-deal-was-in-2025/,"National #1 main among Clubcard members; rank only, no units published",tesco_meal_deal_calendar_2025
meal_deal,snack-1,Tesco (own label),Tesco Egg Protein Pot,,,#1 snack 2nd year running,calendar 2025,meal deal,"Tesco Clubcard Unpacked 2025 (via PA/Yahoo News UK, 8 Jan 2026)",https://uk.news.yahoo.com/red-bull-overtakes-coca-cola-132039596.html,National #1 snack; rank only. Displaced McCoy's Flame Grilled Steak (2022-23),tesco_meal_deal_calendar_2025
meal_deal,drink-1,Red Bull,Red Bull 250ml can,,,new #1 (was #2 behind Coca-Cola),calendar 2025,meal deal,"Tesco Clubcard Unpacked 2025 (via PA/Yahoo News UK, 8 Jan 2026)",https://uk.news.yahoo.com/red-bull-overtakes-coca-cola-132039596.html,First time Red Bull topped Tesco meal deal drinks; #1 in most regions,tesco_meal_deal_calendar_2025
meal_deal,drink-2,Coca-Cola,Coca-Cola Original 500ml,,,lost #1 after 3 years (2022-2024),calendar 2025,meal deal,"Tesco Clubcard Unpacked 2025 (via PA/Yahoo News UK, 8 Jan 2026)",https://uk.news.yahoo.com/red-bull-overtakes-coca-cola-132039596.html,"Still #1 drink in Scotland, Wales, Isle of Man. Rank 2 nationally is INFERRED (not stated)",tesco_meal_deal_calendar_2025
meal_deal,drink-region-NI,Pepsi,Pepsi Max,,,#1 drink Northern Ireland,calendar 2025,meal deal,"Tesco Clubcard Unpacked 2025 (via PA/Yahoo News UK, 8 Jan 2026)",https://uk.news.yahoo.com/red-bull-overtakes-coca-cola-132039596.html,Regional favourite only,tesco_meal_deal_calendar_2025
meal_deal,main-region,Tesco (own label),Tesco Just Ham Sandwich,,,"#1 main Scotland, Wales, North West",calendar 2025,meal deal,"Tesco Clubcard Unpacked 2025 (via PA/Yahoo News UK, 8 Jan 2026)",https://uk.news.yahoo.com/red-bull-overtakes-coca-cola-132039596.html,Regional favourite,tesco_meal_deal_calendar_2025
meal_deal,main-region,Tesco (own label),Tesco Smoked Ham & Mature Cheddar Sub,,,#1 main Yorkshire & Humber,calendar 2025,meal deal,"Tesco Clubcard Unpacked 2025 (via PA/Yahoo News UK, 8 Jan 2026)",https://uk.news.yahoo.com/red-bull-overtakes-coca-cola-132039596.html,Regional favourite,tesco_meal_deal_calendar_2025
meal_deal,snack-region,KP Snacks,Hula Hoops Big Hoops BBQ Beef,,,#1 snack East of England & South West,calendar 2025,meal deal,"Tesco Clubcard Unpacked 2025 (via PA/Yahoo News UK, 8 Jan 2026)",https://uk.news.yahoo.com/red-bull-overtakes-coca-cola-132039596.html,Regional favourite; also #1 crisps SKU in convenience EPoS (see crisps rows),tesco_meal_deal_calendar_2025
meal_deal,snack-region,McCoy's,McCoy's Salt & Vinegar Grab Bag,,,#1 snack Scotland,calendar 2025,meal deal,"Tesco Clubcard Unpacked 2025 (via PA/Yahoo News UK, 8 Jan 2026)",https://uk.news.yahoo.com/red-bull-overtakes-coca-cola-132039596.html,Regional favourite,tesco_meal_deal_calendar_2025
meal_deal,snack-region,McCoy's,McCoy's Grilled Steak Grab Bag,,,#1 snack Wales,calendar 2025,meal deal,"Tesco Clubcard Unpacked 2025 (via PA/Yahoo News UK, 8 Jan 2026)",https://uk.news.yahoo.com/red-bull-overtakes-coca-cola-132039596.html,Regional favourite,tesco_meal_deal_calendar_2025
meal_deal,main-1,Tesco (own label),Tesco Chicken Club Sandwich,,,#1 main,calendar 2024,meal deal,Grocery Gazette (Tesco Clubcard Unpacked 2024),https://www.grocerygazette.co.uk/2025/01/06/tesco-meal-deal-combo/,2024 combo: Chicken Club + Egg Protein Pot + Coca-Cola,tesco_meal_deal_calendar_2024
meal_deal,drink-1,Coca-Cola,Coca-Cola Original 500ml,,,#1 drink,calendar 2024,meal deal,Grocery Gazette (Tesco Clubcard Unpacked 2024),https://www.grocerygazette.co.uk/2025/01/06/tesco-meal-deal-combo/,"#1 meal deal drink 2022, 2023, 2024",tesco_meal_deal_calendar_2024
meal_deal,main-1-prev,Tesco (own label),"Tesco Sausage, Bacon & Egg Triple",,,#1 main,2022-2023,meal deal,Grocery Gazette (Tesco data),https://www.grocerygazette.co.uk/2025/01/06/tesco-meal-deal-combo/,Previous favourite combo with McCoy's Flame Grilled Steak + Coca-Cola,tesco_meal_deal_2022-2023
